month,city,5G,time_period,tmv_city_crores,company,ms_pct,share
1-Jan,Mumbai,Before 5G,1,286.29,Atliqo,21.2,60.69348
1-Jan,Delhi,Before 5G,1,241.59,Atliqo,17.68,42.713111999999995
1-Jan,Kolkata,Before 5G,1,222.19,Atliqo,16.61,36.905758999999996
1-Jan,Bangalore,Before 5G,1,195.41,Atliqo,19.14,37.401474
1-Jan,Chennai,Before 5G,1,166.78,Atliqo,18.47,30.804265999999995
1-Jan,Hyderabad,Before 5G,1,148.68,Atliqo,19.0,28.249200000000002
1-Jan,Pune,Before 5G,1,141.3,Atliqo,17.14,24.21882
1-Jan,Ahmedabad,Before 5G,1,110.08,Atliqo,19.05,20.97024
1-Jan,Jaipur,Before 5G,1,79.05,Atliqo,28.1,22.213050000000003
1-Jan,Lucknow,Before 5G,1,67.6,Atliqo,17.54,11.85704
1-Jan,Patna,Before 5G,1,55.78,Atliqo,26.15,14.58647
1-Jan,Coimbatore,Before 5G,1,50.24,Atliqo,15.57,7.822368000000001
1-Jan,Chandigarh,Before 5G,1,36.57,Atliqo,17.36,6.348552000000001
1-Jan,Gurgaon,Before 5G,1,27.89,Atliqo,19.07,5.3186230000000005
1-Jan,Raipur,Before 5G,1,17.55,Atliqo,24.35,4.2734250000000005
2-Feb,Mumbai,Before 5G,2,328.6,Atliqo,18.62,61.185320000000004
2-Feb,Delhi,Before 5G,2,277.3,Atliqo,19.54,54.18442
2-Feb,Kolkata,Before 5G,2,255.04,Atliqo,15.48,39.480191999999995
2-Feb,Bangalore,Before 5G,2,224.3,Atliqo,20.98,47.05814000000001
2-Feb,Chennai,Before 5G,2,191.44,Atliqo,29.2,55.900479999999995
2-Feb,Hyderabad,Before 5G,2,170.66,Atliqo,20.2,34.473319999999994
2-Feb,Pune,Before 5G,2,162.18,Atliqo,17.67,28.657206000000006
2-Feb,Ahmedabad,Before 5G,2,126.35,Atliqo,16.33,20.632954999999995
2-Feb,Jaipur,Before 5G,2,90.74,Atliqo,17.27,15.670797999999998
2-Feb,Lucknow,Before 5G,2,77.59,Atliqo,31.93,24.774487
2-Feb,Patna,Before 5G,2,64.02,Atliqo,18.3,11.71566
2-Feb,Coimbatore,Before 5G,2,57.66,Atliqo,20.71,11.941386
2-Feb,Chandigarh,Before 5G,2,41.98,Atliqo,15.11,6.343177999999999
2-Feb,Gurgaon,Before 5G,2,32.01,Atliqo,29.52,9.449352
2-Feb,Raipur,Before 5G,2,20.14,Atliqo,20.99,4.227385999999999
3-Mar,Mumbai,Before 5G,3,305.81,Atliqo,18.73,57.278213
3-Mar,Delhi,Before 5G,3,258.07,Atliqo,18.98,48.981685999999996
3-Mar,Kolkata,Before 5G,3,237.35,Atliqo,28.36,67.31246
3-Mar,Bangalore,Before 5G,3,208.74,Atliqo,20.06,41.873244
3-Mar,Chennai,Before 5G,3,178.16,Atliqo,17.12,30.500992000000004
3-Mar,Hyderabad,Before 5G,3,158.83,Atliqo,17.6,27.954080000000005
3-Mar,Pune,Before 5G,3,150.93,Atliqo,20.43,30.834999000000003
3-Mar,Ahmedabad,Before 5G,3,117.59,Atliqo,24.62,28.950658
3-Mar,Jaipur,Before 5G,3,84.44,Atliqo,20.25,17.0991
3-Mar,Lucknow,Before 5G,3,72.21,Atliqo,20.68,14.933027999999998
3-Mar,Patna,Before 5G,3,59.58,Atliqo,17.83,10.623114
3-Mar,Coimbatore,Before 5G,3,53.67,Atliqo,31.89,17.115363000000002
3-Mar,Chandigarh,Before 5G,3,39.07,Atliqo,19.23,7.513161
3-Mar,Gurgaon,Before 5G,3,29.79,Atliqo,20.26,6.035454
3-Mar,Raipur,Before 5G,3,18.74,Atliqo,18.48,3.4631519999999996
4-Apr,Mumbai,Before 5G,4,324.26,Atliqo,20.12,65.241112
4-Apr,Delhi,Before 5G,4,273.63,Atliqo,18.46,50.512098
4-Apr,Kolkata,Before 5G,4,251.67,Atliqo,19.41,48.849146999999995
4-Apr,Bangalore,Before 5G,4,221.33,Atliqo,19.13,42.340429
4-Apr,Chennai,Before 5G,4,188.91,Atliqo,17.43,32.927013
4-Apr,Hyderabad,Before 5G,4,168.41,Atliqo,16.6,27.95606
4-Apr,Pune,Before 5G,4,160.04,Atliqo,28.7,45.93147999999999
4-Apr,Ahmedabad,Before 5G,4,124.68,Atliqo,19.2,23.938560000000003
4-Apr,Jaipur,Before 5G,4,89.54,Atliqo,16.87,15.105398000000003
4-Apr,Lucknow,Before 5G,4,76.57,Atliqo,17.33,13.269580999999997
4-Apr,Patna,Before 5G,4,63.18,Atliqo,18.69,11.808342000000001
4-Apr,Coimbatore,Before 5G,4,56.9,Atliqo,15.45,8.79105
4-Apr,Chandigarh,Before 5G,4,41.42,Atliqo,25.31,10.483402
4-Apr,Gurgaon,Before 5G,4,31.59,Atliqo,19.99,6.3148409999999995
4-Apr,Raipur,Before 5G,4,19.87,Atliqo,18.74,3.723638
6-Jun,Mumbai,After 5G,1,308.0,Atliqo,20.16,62.0928
6-Jun,Delhi,After 5G,1,253.61,Atliqo,16.61,42.124621000000005
6-Jun,Kolkata,After 5G,1,235.88,Atliqo,15.59,36.773692000000004
6-Jun,Bangalore,After 5G,1,211.24,Atliqo,18.0,38.0232
6-Jun,Chennai,After 5G,1,174.99,Atliqo,17.46,30.553254000000003
6-Jun,Hyderabad,After 5G,1,157.64,Atliqo,17.82,28.091447999999996
6-Jun,Pune,After 5G,1,152.13,Atliqo,16.23,24.690699
6-Jun,Ahmedabad,After 5G,1,115.47,Atliqo,18.05,20.842335
6-Jun,Jaipur,After 5G,1,85.72,Atliqo,26.66,22.852952
6-Jun,Lucknow,After 5G,1,73.7,Atliqo,16.68,12.29316
6-Jun,Patna,After 5G,1,60.5,Atliqo,24.91,15.070549999999999
6-Jun,Coimbatore,After 5G,1,53.6,Atliqo,14.73,7.895280000000001
6-Jun,Chandigarh,After 5G,1,39.02,Atliqo,16.42,6.407084000000001
6-Jun,Gurgaon,After 5G,1,30.35,Atliqo,18.13,5.502455
6-Jun,Raipur,After 5G,1,18.92,Atliqo,23.1,4.370520000000001
7-Jul,Mumbai,After 5G,2,348.85,Atliqo,17.17,59.89754500000001
7-Jul,Delhi,After 5G,2,287.25,Atliqo,17.86,51.30284999999999
7-Jul,Kolkata,After 5G,2,267.16,Atliqo,14.27,38.123732000000004
7-Jul,Bangalore,After 5G,2,239.26,Atliqo,19.27,46.10540199999999
7-Jul,Chennai,After 5G,2,198.2,Atliqo,27.18,53.87076
7-Jul,Hyderabad,After 5G,2,178.56,Atliqo,18.66,33.319296
7-Jul,Pune,After 5G,2,172.31,Atliqo,16.24,27.983144
7-Jul,Ahmedabad,After 5G,2,130.79,Atliqo,14.86,19.435393999999995
7-Jul,Jaipur,After 5G,2,97.09,Atliqo,15.75,15.291675000000001
7-Jul,Lucknow,After 5G,2,83.47,Atliqo,29.67,24.765549
7-Jul,Patna,After 5G,2,68.52,Atliqo,16.75,11.4771
7-Jul,Coimbatore,After 5G,2,60.71,Atliqo,19.0,11.5349
7-Jul,Chandigarh,After 5G,2,44.19,Atliqo,13.83,6.111477
7-Jul,Gurgaon,After 5G,2,34.37,Atliqo,27.26,9.369261999999999
7-Jul,Raipur,After 5G,2,21.43,Atliqo,19.48,4.174564
8-Aug,Mumbai,After 5G,3,333.45,Atliqo,17.5,58.35374999999999
8-Aug,Delhi,After 5G,3,274.57,Atliqo,17.82,48.928374
8-Aug,Kolkata,After 5G,3,255.37,Atliqo,27.02,69.000974
8-Aug,Bangalore,After 5G,3,228.7,Atliqo,19.06,43.590219999999995
8-Aug,Chennai,After 5G,3,189.45,Atliqo,15.98,30.274109999999997
8-Aug,Hyderabad,After 5G,3,170.67,Atliqo,16.61,28.348287
8-Aug,Pune,After 5G,3,164.7,Atliqo,19.22,31.655339999999995
8-Aug,Ahmedabad,After 5G,3,125.02,Atliqo,23.38,29.229675999999998
8-Aug,Jaipur,After 5G,3,92.8,Atliqo,19.08,17.706239999999998
8-Aug,Lucknow,After 5G,3,79.79,Atliqo,19.64,15.670756000000003
8-Aug,Patna,After 5G,3,65.5,Atliqo,16.87,11.049850000000001
8-Aug,Coimbatore,After 5G,3,58.03,Atliqo,30.5,17.69915
8-Aug,Chandigarh,After 5G,3,42.24,Atliqo,18.15,7.6665600000000005
8-Aug,Gurgaon,After 5G,3,32.85,Atliqo,19.2,6.307200000000001
8-Aug,Raipur,After 5G,3,20.48,Atliqo,17.54,3.5921920000000003
9-Sep,Mumbai,After 5G,4,349.97,Atliqo,18.52,64.81444400000001
9-Sep,Delhi,After 5G,4,288.17,Atliqo,16.82,48.470194000000006
9-Sep,Kolkata,After 5G,4,268.02,Atliqo,17.89,47.948778
9-Sep,Bangalore,After 5G,4,240.03,Atliqo,17.59,42.221277
9-Sep,Chennai,After 5G,4,198.83,Atliqo,15.87,31.554320999999998
9-Sep,Hyderabad,After 5G,4,179.13,Atliqo,15.26,27.335237999999997
9-Sep,Pune,After 5G,4,172.86,Atliqo,26.49,45.790614
9-Sep,Ahmedabad,After 5G,4,131.21,Atliqo,17.58,23.066717999999998
9-Sep,Jaipur,After 5G,4,97.4,Atliqo,15.33,14.93142
9-Sep,Lucknow,After 5G,4,83.74,Atliqo,15.86,13.281163999999999
9-Sep,Patna,After 5G,4,68.74,Atliqo,17.25,11.857649999999998
9-Sep,Coimbatore,After 5G,4,60.9,Atliqo,14.1,8.586899999999998
9-Sep,Chandigarh,After 5G,4,44.33,Atliqo,23.29,10.324456999999999
9-Sep,Gurgaon,After 5G,4,34.48,Atliqo,18.42,6.351216000000001
9-Sep,Raipur,After 5G,4,21.5,Atliqo,17.33,3.7259499999999997
1-Jan,Mumbai,Before 5G,1,286.29,Britel,25.45,72.86080500000001
1-Jan,Delhi,Before 5G,1,241.59,Britel,29.34,70.882506
1-Jan,Kolkata,Before 5G,1,222.19,Britel,27.85,61.879915000000004
1-Jan,Bangalore,Before 5G,1,195.41,Britel,33.97,66.380777
1-Jan,Chennai,Before 5G,1,166.78,Britel,31.44,52.435632000000005
1-Jan,Hyderabad,Before 5G,1,148.68,Britel,30.93,45.986724
1-Jan,Pune,Before 5G,1,141.3,Britel,34.31,48.480030000000006
1-Jan,Ahmedabad,Before 5G,1,110.08,Britel,30.45,33.51936
1-Jan,Jaipur,Before 5G,1,79.05,Britel,18.47,14.600534999999997
1-Jan,Lucknow,Before 5G,1,67.6,Britel,32.71,22.11196
1-Jan,Patna,Before 5G,1,55.78,Britel,20.17,11.250826000000002
1-Jan,Coimbatore,Before 5G,1,50.24,Britel,30.53,15.338272000000002
1-Jan,Chandigarh,Before 5G,1,36.57,Britel,32.97,12.057129
1-Jan,Gurgaon,Before 5G,1,27.89,Britel,27.41,7.644649
1-Jan,Raipur,Before 5G,1,17.55,Britel,20.31,3.564405
2-Feb,Mumbai,Before 5G,2,328.6,Britel,27.42,90.10212
2-Feb,Delhi,Before 5G,2,277.3,Britel,30.36,84.18827999999999
2-Feb,Kolkata,Before 5G,2,255.04,Britel,31.02,79.11340799999999
2-Feb,Bangalore,Before 5G,2,224.3,Britel,30.34,68.05262
2-Feb,Chennai,Before 5G,2,191.44,Britel,21.66,41.465904
2-Feb,Hyderabad,Before 5G,2,170.66,Britel,23.47,40.053902
2-Feb,Pune,Before 5G,2,162.18,Britel,32.57,52.822026
2-Feb,Ahmedabad,Before 5G,2,126.35,Britel,27.25,34.430375
2-Feb,Jaipur,Before 5G,2,90.74,Britel,31.9,28.94606
2-Feb,Lucknow,Before 5G,2,77.59,Britel,17.33,13.446347
2-Feb,Patna,Before 5G,2,64.02,Britel,31.64,20.255928
2-Feb,Coimbatore,Before 5G,2,57.66,Britel,29.09,16.773294
2-Feb,Chandigarh,Before 5G,2,41.98,Britel,29.39,12.337921999999999
2-Feb,Gurgaon,Before 5G,2,32.01,Britel,19.87,6.360387
2-Feb,Raipur,Before 5G,2,20.14,Britel,26.89,5.415646000000001
3-Mar,Mumbai,Before 5G,3,305.81,Britel,32.14,98.287334
3-Mar,Delhi,Before 5G,3,258.07,Britel,31.97,82.50497899999999
3-Mar,Kolkata,Before 5G,3,237.35,Britel,19.64,46.61554
3-Mar,Bangalore,Before 5G,3,208.74,Britel,28.13,58.718562
3-Mar,Chennai,Before 5G,3,178.16,Britel,24.17,43.061272
3-Mar,Hyderabad,Before 5G,3,158.83,Britel,31.95,50.746185000000004
3-Mar,Pune,Before 5G,3,150.93,Britel,28.19,42.54716700000001
3-Mar,Ahmedabad,Before 5G,3,117.59,Britel,20.42,24.011878000000003
3-Mar,Jaipur,Before 5G,3,84.44,Britel,26.67,22.520148
3-Mar,Lucknow,Before 5G,3,72.21,Britel,24.99,18.045278999999997
3-Mar,Patna,Before 5G,3,59.58,Britel,25.96,15.466968
3-Mar,Coimbatore,Before 5G,3,53.67,Britel,18.31,9.826977
3-Mar,Chandigarh,Before 5G,3,39.07,Britel,26.0,10.1582
3-Mar,Gurgaon,Before 5G,3,29.79,Britel,31.0,9.2349
3-Mar,Raipur,Before 5G,3,18.74,Britel,25.32,4.744967999999999
4-Apr,Mumbai,Before 5G,4,324.26,Britel,28.26,91.63587600000001
4-Apr,Delhi,Before 5G,4,273.63,Britel,30.41,83.210883
4-Apr,Kolkata,Before 5G,4,251.67,Britel,27.0,67.9509
4-Apr,Bangalore,Before 5G,4,221.33,Britel,26.36,58.342588000000006
4-Apr,Chennai,Before 5G,4,188.91,Britel,32.23,60.885692999999996
4-Apr,Hyderabad,Before 5G,4,168.41,Britel,29.48,49.647268
4-Apr,Pune,Before 5G,4,160.04,Britel,19.73,31.575892
4-Apr,Ahmedabad,Before 5G,4,124.68,Britel,28.14,35.084952
4-Apr,Jaipur,Before 5G,4,89.54,Britel,30.37,27.193298000000006
4-Apr,Lucknow,Before 5G,4,76.57,Britel,27.86,21.332402
4-Apr,Patna,Before 5G,4,63.18,Britel,28.65,18.10107
4-Apr,Coimbatore,Before 5G,4,56.9,Britel,28.8,16.3872
4-Apr,Chandigarh,Before 5G,4,41.42,Britel,17.34,7.182228
4-Apr,Gurgaon,Before 5G,4,31.59,Britel,25.59,8.083881
4-Apr,Raipur,Before 5G,4,19.87,Britel,23.98,4.764826
6-Jun,Mumbai,After 5G,1,308.0,Britel,25.79,79.4332
6-Jun,Delhi,After 5G,1,253.61,Britel,29.72,75.372892
6-Jun,Kolkata,After 5G,1,235.88,Britel,28.19,66.494572
6-Jun,Bangalore,After 5G,1,211.24,Britel,34.45,72.77218
6-Jun,Chennai,After 5G,1,174.99,Britel,31.83,55.699317
6-Jun,Hyderabad,After 5G,1,157.64,Britel,31.38,49.46743199999999
6-Jun,Pune,After 5G,1,152.13,Britel,34.69,52.773897
6-Jun,Ahmedabad,After 5G,1,115.47,Britel,30.83,35.59940099999999
6-Jun,Jaipur,After 5G,1,85.72,Britel,18.84,16.149648
6-Jun,Lucknow,After 5G,1,73.7,Britel,33.05,24.35785
6-Jun,Patna,After 5G,1,60.5,Britel,20.51,12.40855
6-Jun,Coimbatore,After 5G,1,53.6,Britel,30.84,16.53024
6-Jun,Chandigarh,After 5G,1,39.02,Britel,33.35,13.013170000000002
6-Jun,Gurgaon,After 5G,1,30.35,Britel,27.73,8.416055
6-Jun,Raipur,After 5G,1,18.92,Britel,20.64,3.9050880000000006
7-Jul,Mumbai,After 5G,2,348.85,Britel,27.91,97.36403500000002
7-Jul,Delhi,After 5G,2,287.25,Britel,31.0,89.0475
7-Jul,Kolkata,After 5G,2,267.16,Britel,31.46,84.048536
7-Jul,Bangalore,After 5G,2,239.26,Britel,31.0,74.1706
7-Jul,Chennai,After 5G,2,198.2,Britel,22.28,44.15896
7-Jul,Hyderabad,After 5G,2,178.56,Britel,23.92,42.711552000000005
7-Jul,Pune,After 5G,2,172.31,Britel,33.14,57.103534
7-Jul,Ahmedabad,After 5G,2,130.79,Britel,27.73,36.268066999999995
7-Jul,Jaipur,After 5G,2,97.09,Britel,32.48,31.534831999999998
7-Jul,Lucknow,After 5G,2,83.47,Britel,17.9,14.94113
7-Jul,Patna,After 5G,2,68.52,Britel,32.24,22.090848
7-Jul,Coimbatore,After 5G,2,60.71,Britel,29.72,18.043011999999997
7-Jul,Chandigarh,After 5G,2,44.19,Britel,29.83,13.181877
7-Jul,Gurgaon,After 5G,2,34.37,Britel,20.51,7.049287
7-Jul,Raipur,After 5G,2,21.43,Britel,27.41,5.873963
8-Aug,Mumbai,After 5G,3,333.45,Britel,32.63,108.80473500000001
8-Aug,Delhi,After 5G,3,274.57,Britel,32.43,89.04305099999999
8-Aug,Kolkata,After 5G,3,255.37,Britel,20.01,51.099537000000005
8-Aug,Bangalore,After 5G,3,228.7,Britel,28.48,65.13376
8-Aug,Chennai,After 5G,3,189.45,Britel,24.5,46.41524999999999
8-Aug,Hyderabad,After 5G,3,170.67,Britel,32.33,55.17761099999999
8-Aug,Pune,After 5G,3,164.7,Britel,28.62,47.137139999999995
8-Aug,Ahmedabad,After 5G,3,125.02,Britel,20.76,25.954152
8-Aug,Jaipur,After 5G,3,92.8,Britel,27.06,25.11168
8-Aug,Lucknow,After 5G,3,79.79,Britel,25.32,20.202828
8-Aug,Patna,After 5G,3,65.5,Britel,26.26,17.2003
8-Aug,Coimbatore,After 5G,3,58.03,Britel,18.68,10.840004
8-Aug,Chandigarh,After 5G,3,42.24,Britel,26.35,11.13024
8-Aug,Gurgaon,After 5G,3,32.85,Britel,31.41,10.318185
8-Aug,Raipur,After 5G,3,20.48,Britel,25.61,5.244928
9-Sep,Mumbai,After 5G,4,349.97,Britel,28.82,100.861354
9-Sep,Delhi,After 5G,4,288.17,Britel,31.02,89.390334
9-Sep,Kolkata,After 5G,4,268.02,Britel,27.51,73.732302
9-Sep,Bangalore,After 5G,4,240.03,Britel,26.86,64.472058
9-Sep,Chennai,After 5G,4,198.83,Britel,32.84,65.29577200000001
9-Sep,Hyderabad,After 5G,4,179.13,Britel,29.95,53.649435
9-Sep,Pune,After 5G,4,172.86,Britel,20.34,35.159724000000004
9-Sep,Ahmedabad,After 5G,4,131.21,Britel,28.71,37.670391
9-Sep,Jaipur,After 5G,4,97.4,Britel,30.93,30.125820000000004
9-Sep,Lucknow,After 5G,4,83.74,Britel,28.36,23.748664
9-Sep,Patna,After 5G,4,68.74,Britel,29.16,20.044584
9-Sep,Coimbatore,After 5G,4,60.9,Britel,29.26,17.81934
9-Sep,Chandigarh,After 5G,4,44.33,Britel,17.81,7.895172999999999
9-Sep,Gurgaon,After 5G,4,34.48,Britel,26.09,8.995832
9-Sep,Raipur,After 5G,4,21.5,Britel,24.4,5.2459999999999996
1-Jan,Mumbai,Before 5G,1,286.29,PIO,33.96,97.224084
1-Jan,Delhi,Before 5G,1,241.59,PIO,35.77,86.41674300000001
1-Jan,Kolkata,Before 5G,1,222.19,PIO,38.08,84.60995199999999
1-Jan,Bangalore,Before 5G,1,195.41,PIO,33.01,64.504841
1-Jan,Chennai,Before 5G,1,166.78,PIO,35.89,59.857342
1-Jan,Hyderabad,Before 5G,1,148.68,PIO,34.05,50.62554
1-Jan,Pune,Before 5G,1,141.3,PIO,31.34,44.28342000000001
1-Jan,Ahmedabad,Before 5G,1,110.08,PIO,32.08,35.313663999999996
1-Jan,Jaipur,Before 5G,1,79.05,PIO,34.92,27.60426
1-Jan,Lucknow,Before 5G,1,67.6,PIO,31.28,21.14528
1-Jan,Patna,Before 5G,1,55.78,PIO,34.18,19.065604
1-Jan,Coimbatore,Before 5G,1,50.24,PIO,36.64,18.407936
1-Jan,Chandigarh,Before 5G,1,36.57,PIO,32.49,11.881593
1-Jan,Gurgaon,Before 5G,1,27.89,PIO,35.33,9.853537000000001
1-Jan,Raipur,Before 5G,1,17.55,PIO,36.4,6.3882
2-Feb,Mumbai,Before 5G,2,328.6,PIO,36.83,121.02337999999999
2-Feb,Delhi,Before 5G,2,277.3,PIO,34.01,94.30972999999999
2-Feb,Kolkata,Before 5G,2,255.04,PIO,36.01,91.83990399999999
2-Feb,Bangalore,Before 5G,2,224.3,PIO,32.01,71.79843
2-Feb,Chennai,Before 5G,2,191.44,PIO,31.77,60.820488
2-Feb,Hyderabad,Before 5G,2,170.66,PIO,38.65,65.96009
2-Feb,Pune,Before 5G,2,162.18,PIO,33.9,54.97902
2-Feb,Ahmedabad,Before 5G,2,126.35,PIO,39.9,50.41364999999999
2-Feb,Jaipur,Before 5G,2,90.74,PIO,33.52,30.416048000000004
2-Feb,Lucknow,Before 5G,2,77.59,PIO,36.25,28.126375
2-Feb,Patna,Before 5G,2,64.02,PIO,31.56,20.204711999999997
2-Feb,Coimbatore,Before 5G,2,57.66,PIO,33.12,19.096992
2-Feb,Chandigarh,Before 5G,2,41.98,PIO,35.37,14.848325999999997
2-Feb,Gurgaon,Before 5G,2,32.01,PIO,33.47,10.713747
2-Feb,Raipur,Before 5G,2,20.14,PIO,35.36,7.121504
3-Mar,Mumbai,Before 5G,3,305.81,PIO,30.23,92.446363
3-Mar,Delhi,Before 5G,3,258.07,PIO,33.16,85.57601199999999
3-Mar,Kolkata,Before 5G,3,237.35,PIO,35.97,85.37479499999999
3-Mar,Bangalore,Before 5G,3,208.74,PIO,33.78,70.512372
3-Mar,Chennai,Before 5G,3,178.16,PIO,39.75,70.8186
3-Mar,Hyderabad,Before 5G,3,158.83,PIO,32.13,51.03207900000001
3-Mar,Pune,Before 5G,3,150.93,PIO,31.64,47.754252
3-Mar,Ahmedabad,Before 5G,3,117.59,PIO,37.88,44.543092
3-Mar,Jaipur,Before 5G,3,84.44,PIO,36.97,31.217467999999997
3-Mar,Lucknow,Before 5G,3,72.21,PIO,37.79,27.288159
3-Mar,Patna,Before 5G,3,59.58,PIO,39.39,23.468562000000002
3-Mar,Coimbatore,Before 5G,3,53.67,PIO,32.85,17.630595
3-Mar,Chandigarh,Before 5G,3,39.07,PIO,35.12,13.721383999999999
3-Mar,Gurgaon,Before 5G,3,29.79,PIO,33.91,10.101788999999998
3-Mar,Raipur,Before 5G,3,18.74,PIO,39.01,7.310473999999999
4-Apr,Mumbai,Before 5G,4,324.26,PIO,32.22,104.47657199999999
4-Apr,Delhi,Before 5G,4,273.63,PIO,35.81,97.98690300000001
4-Apr,Kolkata,Before 5G,4,251.67,PIO,38.01,95.65976699999999
4-Apr,Bangalore,Before 5G,4,221.33,PIO,35.26,78.040958
4-Apr,Chennai,Before 5G,4,188.91,PIO,33.15,62.62366499999999
4-Apr,Hyderabad,Before 5G,4,168.41,PIO,36.01,60.64444099999999
4-Apr,Pune,Before 5G,4,160.04,PIO,37.08,59.342831999999994
4-Apr,Ahmedabad,Before 5G,4,124.68,PIO,35.13,43.800084000000005
4-Apr,Jaipur,Before 5G,4,89.54,PIO,33.23,29.754142
4-Apr,Lucknow,Before 5G,4,76.57,PIO,37.19,28.476382999999995
4-Apr,Patna,Before 5G,4,63.18,PIO,35.35,22.334130000000002
4-Apr,Coimbatore,Before 5G,4,56.9,PIO,37.29,21.21801
4-Apr,Chandigarh,Before 5G,4,41.42,PIO,40.37,16.721254
4-Apr,Gurgaon,Before 5G,4,31.59,PIO,36.74,11.606166
4-Apr,Raipur,Before 5G,4,19.87,PIO,37.27,7.405549000000001
6-Jun,Mumbai,After 5G,1,308.0,PIO,34.41,105.98279999999998
6-Jun,Delhi,After 5G,1,253.61,PIO,36.23,91.882903
6-Jun,Kolkata,After 5G,1,235.88,PIO,38.55,90.93173999999999
6-Jun,Bangalore,After 5G,1,211.24,PIO,33.48,70.723152
6-Jun,Chennai,After 5G,1,174.99,PIO,36.33,63.57386699999999
6-Jun,Hyderabad,After 5G,1,157.64,PIO,34.55,54.46461999999999
6-Jun,Pune,After 5G,1,152.13,PIO,31.69,48.209997
6-Jun,Ahmedabad,After 5G,1,115.47,PIO,32.48,37.504656
6-Jun,Jaipur,After 5G,1,85.72,PIO,35.62,30.533463999999995
6-Jun,Lucknow,After 5G,1,73.7,PIO,31.61,23.29657
6-Jun,Patna,After 5G,1,60.5,PIO,34.75,21.02375
6-Jun,Coimbatore,After 5G,1,53.6,PIO,37.01,19.83736
6-Jun,Chandigarh,After 5G,1,39.02,PIO,32.86,12.821972
6-Jun,Gurgaon,After 5G,1,30.35,PIO,35.74,10.84709
6-Jun,Raipur,After 5G,1,18.92,PIO,37.0,7.000400000000001
7-Jul,Mumbai,After 5G,2,348.85,PIO,37.49,130.78386500000002
7-Jul,Delhi,After 5G,2,287.25,PIO,34.72,99.7332
7-Jul,Kolkata,After 5G,2,267.16,PIO,36.53,97.59354800000001
7-Jul,Bangalore,After 5G,2,239.26,PIO,32.7,78.23802
7-Jul,Chennai,After 5G,2,198.2,PIO,32.68,64.77175999999999
7-Jul,Hyderabad,After 5G,2,178.56,PIO,39.39,70.334784
7-Jul,Pune,After 5G,2,172.31,PIO,34.49,59.429719000000006
7-Jul,Ahmedabad,After 5G,2,130.79,PIO,40.6,53.10074
7-Jul,Jaipur,After 5G,2,97.09,PIO,34.13,33.13681700000001
7-Jul,Lucknow,After 5G,2,83.47,PIO,37.45,31.259515000000004
7-Jul,Patna,After 5G,2,68.52,PIO,32.16,22.036031999999995
7-Jul,Coimbatore,After 5G,2,60.71,PIO,33.83,20.538193
7-Jul,Chandigarh,After 5G,2,44.19,PIO,35.9,15.864209999999998
7-Jul,Gurgaon,After 5G,2,34.37,PIO,34.54,11.871398
7-Jul,Raipur,After 5G,2,21.43,PIO,36.04,7.7233719999999995
8-Aug,Mumbai,After 5G,3,333.45,PIO,30.69,102.335805
8-Aug,Delhi,After 5G,3,274.57,PIO,33.63,92.33789100000001
8-Aug,Kolkata,After 5G,3,255.37,PIO,36.64,93.56756800000001
8-Aug,Bangalore,After 5G,3,228.7,PIO,34.2,78.2154
8-Aug,Chennai,After 5G,3,189.45,PIO,40.3,76.34835
8-Aug,Hyderabad,After 5G,3,170.67,PIO,32.52,55.501884000000004
8-Aug,Pune,After 5G,3,164.7,PIO,32.12,52.90163999999999
8-Aug,Ahmedabad,After 5G,3,125.02,PIO,38.5,48.1327
8-Aug,Jaipur,After 5G,3,92.8,PIO,37.51,34.80928
8-Aug,Lucknow,After 5G,3,79.79,PIO,38.28,30.543612000000003
8-Aug,Patna,After 5G,3,65.5,PIO,39.85,26.101750000000003
8-Aug,Coimbatore,After 5G,3,58.03,PIO,33.52,19.451656000000003
8-Aug,Chandigarh,After 5G,3,42.24,PIO,35.59,15.033216000000003
8-Aug,Gurgaon,After 5G,3,32.85,PIO,34.36,11.287260000000002
8-Aug,Raipur,After 5G,3,20.48,PIO,39.46,8.081408
9-Sep,Mumbai,After 5G,4,349.97,PIO,32.86,115.00014200000001
9-Sep,Delhi,After 5G,4,288.17,PIO,36.53,105.26850100000001
9-Sep,Kolkata,After 5G,4,268.02,PIO,38.73,103.80414599999999
9-Sep,Bangalore,After 5G,4,240.03,PIO,35.93,86.242779
9-Sep,Chennai,After 5G,4,198.83,PIO,33.77,67.14489100000002
9-Sep,Hyderabad,After 5G,4,179.13,PIO,36.59,65.54366700000001
9-Sep,Pune,After 5G,4,172.86,PIO,38.23,66.084378
9-Sep,Ahmedabad,After 5G,4,131.21,PIO,35.84,47.025664000000006
9-Sep,Jaipur,After 5G,4,97.4,PIO,33.85,32.9699
9-Sep,Lucknow,After 5G,4,83.74,PIO,37.85,31.69559
9-Sep,Patna,After 5G,4,68.74,PIO,35.98,24.732651999999995
9-Sep,Coimbatore,After 5G,4,60.9,PIO,37.88,23.068920000000002
9-Sep,Chandigarh,After 5G,4,44.33,PIO,41.46,18.379218
9-Sep,Gurgaon,After 5G,4,34.48,PIO,37.46,12.916208
9-Sep,Raipur,After 5G,4,21.5,PIO,37.92,8.152800000000001
1-Jan,Mumbai,Before 5G,1,286.29,DADAFONE,11.87,33.982623
1-Jan,Delhi,Before 5G,1,241.59,DADAFONE,10.64,25.705176
1-Jan,Kolkata,Before 5G,1,222.19,DADAFONE,9.53,21.174706999999998
1-Jan,Bangalore,Before 5G,1,195.41,DADAFONE,8.42,16.453522
1-Jan,Chennai,Before 5G,1,166.78,DADAFONE,7.17,11.958126
1-Jan,Hyderabad,Before 5G,1,148.68,DADAFONE,8.67,12.890556
1-Jan,Pune,Before 5G,1,141.3,DADAFONE,8.76,12.377880000000001
1-Jan,Ahmedabad,Before 5G,1,110.08,DADAFONE,11.88,13.077504
1-Jan,Jaipur,Before 5G,1,79.05,DADAFONE,12.19,9.636194999999999
1-Jan,Lucknow,Before 5G,1,67.6,DADAFONE,13.12,8.869119999999999
1-Jan,Patna,Before 5G,1,55.78,DADAFONE,12.14,6.771692000000001
1-Jan,Coimbatore,Before 5G,1,50.24,DADAFONE,8.24,4.139776
1-Jan,Chandigarh,Before 5G,1,36.57,DADAFONE,8.37,3.060909
1-Jan,Gurgaon,Before 5G,1,27.89,DADAFONE,10.22,2.8503580000000004
1-Jan,Raipur,Before 5G,1,17.55,DADAFONE,12.36,2.16918
2-Feb,Mumbai,Before 5G,2,328.6,DADAFONE,11.47,37.69042
2-Feb,Delhi,Before 5G,2,277.3,DADAFONE,8.9,24.679700000000004
2-Feb,Kolkata,Before 5G,2,255.04,DADAFONE,9.77,24.917408
2-Feb,Bangalore,Before 5G,2,224.3,DADAFONE,9.27,20.79261
2-Feb,Chennai,Before 5G,2,191.44,DADAFONE,9.4,17.99536
2-Feb,Hyderabad,Before 5G,2,170.66,DADAFONE,11.52,19.660031999999998
2-Feb,Pune,Before 5G,2,162.18,DADAFONE,8.39,13.606902000000002
2-Feb,Ahmedabad,Before 5G,2,126.35,DADAFONE,8.48,10.71448
2-Feb,Jaipur,Before 5G,2,90.74,DADAFONE,11.18,10.144732
2-Feb,Lucknow,Before 5G,2,77.59,DADAFONE,8.94,6.936546
2-Feb,Patna,Before 5G,2,64.02,DADAFONE,10.87,6.958973999999999
2-Feb,Coimbatore,Before 5G,2,57.66,DADAFONE,9.68,5.581487999999999
2-Feb,Chandigarh,Before 5G,2,41.98,DADAFONE,11.25,4.72275
2-Feb,Gurgaon,Before 5G,2,32.01,DADAFONE,8.69,2.7816689999999995
2-Feb,Raipur,Before 5G,2,20.14,DADAFONE,10.25,2.06435
3-Mar,Mumbai,Before 5G,3,305.81,DADAFONE,11.66,35.657446
3-Mar,Delhi,Before 5G,3,258.07,DADAFONE,7.72,19.923004
3-Mar,Kolkata,Before 5G,3,237.35,DADAFONE,8.88,21.07668
3-Mar,Bangalore,Before 5G,3,208.74,DADAFONE,11.17,23.316258
3-Mar,Chennai,Before 5G,3,178.16,DADAFONE,12.83,22.857927999999998
3-Mar,Hyderabad,Before 5G,3,158.83,DADAFONE,11.53,18.313099
3-Mar,Pune,Before 5G,3,150.93,DADAFONE,12.37,18.670040999999998
3-Mar,Ahmedabad,Before 5G,3,117.59,DADAFONE,10.09,11.864831
3-Mar,Jaipur,Before 5G,3,84.44,DADAFONE,10.65,8.99286
3-Mar,Lucknow,Before 5G,3,72.21,DADAFONE,8.7,6.282269999999999
3-Mar,Patna,Before 5G,3,59.58,DADAFONE,10.49,6.249942
3-Mar,Coimbatore,Before 5G,3,53.67,DADAFONE,8.22,4.4116740000000005
3-Mar,Chandigarh,Before 5G,3,39.07,DADAFONE,10.5,4.1023499999999995
3-Mar,Gurgaon,Before 5G,3,29.79,DADAFONE,8.08,2.4070319999999996
3-Mar,Raipur,Before 5G,3,18.74,DADAFONE,9.49,1.7784259999999998
4-Apr,Mumbai,Before 5G,4,324.26,DADAFONE,12.18,39.494868
4-Apr,Delhi,Before 5G,4,273.63,DADAFONE,9.46,25.885398000000002
4-Apr,Kolkata,Before 5G,4,251.67,DADAFONE,9.18,23.103305999999996
4-Apr,Bangalore,Before 5G,4,221.33,DADAFONE,11.46,25.364418000000004
4-Apr,Chennai,Before 5G,4,188.91,DADAFONE,9.52,17.984232
4-Apr,Hyderabad,Before 5G,4,168.41,DADAFONE,9.09,15.308468999999999
4-Apr,Pune,Before 5G,4,160.04,DADAFONE,8.02,12.835207999999998
4-Apr,Ahmedabad,Before 5G,4,124.68,DADAFONE,10.89,13.577652000000002
4-Apr,Jaipur,Before 5G,4,89.54,DADAFONE,12.47,11.165638000000001
4-Apr,Lucknow,Before 5G,4,76.57,DADAFONE,11.29,8.644752999999998
4-Apr,Patna,Before 5G,4,63.18,DADAFONE,11.54,7.290971999999999
4-Apr,Coimbatore,Before 5G,4,56.9,DADAFONE,11.35,6.458149999999999
4-Apr,Chandigarh,Before 5G,4,41.42,DADAFONE,9.82,4.067444000000001
4-Apr,Gurgaon,Before 5G,4,31.59,DADAFONE,10.52,3.323268
4-Apr,Raipur,Before 5G,4,19.87,DADAFONE,12.31,2.445997
6-Jun,Mumbai,After 5G,1,308.0,DADAFONE,12.03,37.0524
6-Jun,Delhi,After 5G,1,253.61,DADAFONE,10.78,27.339158
6-Jun,Kolkata,After 5G,1,235.88,DADAFONE,9.65,22.76242
6-Jun,Bangalore,After 5G,1,211.24,DADAFONE,8.54,18.039896
6-Jun,Chennai,After 5G,1,174.99,DADAFONE,7.26,12.704274
6-Jun,Hyderabad,After 5G,1,157.64,DADAFONE,8.8,13.87232
6-Jun,Pune,After 5G,1,152.13,DADAFONE,8.86,13.478717999999999
6-Jun,Ahmedabad,After 5G,1,115.47,DADAFONE,12.03,13.891041
6-Jun,Jaipur,After 5G,1,85.72,DADAFONE,12.43,10.654995999999999
6-Jun,Lucknow,After 5G,1,73.7,DADAFONE,13.26,9.77262
6-Jun,Patna,After 5G,1,60.5,DADAFONE,12.34,7.4657
6-Jun,Coimbatore,After 5G,1,53.6,DADAFONE,8.32,4.4595199999999995
6-Jun,Chandigarh,After 5G,1,39.02,DADAFONE,8.47,3.3049940000000007
6-Jun,Gurgaon,After 5G,1,30.35,DADAFONE,10.34,3.13819
6-Jun,Raipur,After 5G,1,18.92,DADAFONE,12.56,2.3763520000000007
7-Jul,Mumbai,After 5G,2,348.85,DADAFONE,11.67,40.710795000000005
7-Jul,Delhi,After 5G,2,287.25,DADAFONE,9.09,26.111024999999998
7-Jul,Kolkata,After 5G,2,267.16,DADAFONE,9.91,26.475556000000005
7-Jul,Bangalore,After 5G,2,239.26,DADAFONE,9.47,22.657922
7-Jul,Chennai,After 5G,2,198.2,DADAFONE,9.67,19.16594
7-Jul,Hyderabad,After 5G,2,178.56,DADAFONE,11.74,20.962944
7-Jul,Pune,After 5G,2,172.31,DADAFONE,8.54,14.715273999999999
7-Jul,Ahmedabad,After 5G,2,130.79,DADAFONE,8.63,11.287177
7-Jul,Jaipur,After 5G,2,97.09,DADAFONE,11.38,11.048842000000002
7-Jul,Lucknow,After 5G,2,83.47,DADAFONE,9.24,7.712628
7-Jul,Patna,After 5G,2,68.52,DADAFONE,11.08,7.592015999999999
7-Jul,Coimbatore,After 5G,2,60.71,DADAFONE,9.89,6.004219
7-Jul,Chandigarh,After 5G,2,44.19,DADAFONE,11.42,5.046498
7-Jul,Gurgaon,After 5G,2,34.37,DADAFONE,8.97,3.082989
7-Jul,Raipur,After 5G,2,21.43,DADAFONE,10.45,2.239435
8-Aug,Mumbai,After 5G,3,333.45,DADAFONE,11.84,39.48048
8-Aug,Delhi,After 5G,3,274.57,DADAFONE,7.83,21.498831
8-Aug,Kolkata,After 5G,3,255.37,DADAFONE,9.05,23.110985000000003
8-Aug,Bangalore,After 5G,3,228.7,DADAFONE,11.31,25.86597
8-Aug,Chennai,After 5G,3,189.45,DADAFONE,13.01,24.647444999999998
8-Aug,Hyderabad,After 5G,3,170.67,DADAFONE,11.67,19.917188999999997
8-Aug,Pune,After 5G,3,164.7,DADAFONE,12.56,20.686320000000002
8-Aug,Ahmedabad,After 5G,3,125.02,DADAFONE,10.26,12.827051999999998
8-Aug,Jaipur,After 5G,3,92.8,DADAFONE,10.81,10.03168
8-Aug,Lucknow,After 5G,3,79.79,DADAFONE,8.81,7.029499000000001
8-Aug,Patna,After 5G,3,65.5,DADAFONE,10.61,6.94955
8-Aug,Coimbatore,After 5G,3,58.03,DADAFONE,8.39,4.868717
8-Aug,Chandigarh,After 5G,3,42.24,DADAFONE,10.64,4.4943360000000006
8-Aug,Gurgaon,After 5G,3,32.85,DADAFONE,8.19,2.6904150000000002
8-Aug,Raipur,After 5G,3,20.48,DADAFONE,9.6,1.96608
9-Sep,Mumbai,After 5G,4,349.97,DADAFONE,12.42,43.466274000000006
9-Sep,Delhi,After 5G,4,288.17,DADAFONE,9.65,27.808405
9-Sep,Kolkata,After 5G,4,268.02,DADAFONE,9.35,25.059869999999997
9-Sep,Bangalore,After 5G,4,240.03,DADAFONE,11.68,28.035504
9-Sep,Chennai,After 5G,4,198.83,DADAFONE,9.7,19.28651
9-Sep,Hyderabad,After 5G,4,179.13,DADAFONE,9.24,16.551612
9-Sep,Pune,After 5G,4,172.86,DADAFONE,8.27,14.295522
9-Sep,Ahmedabad,After 5G,4,131.21,DADAFONE,11.11,14.577430999999999
9-Sep,Jaipur,After 5G,4,97.4,DADAFONE,12.7,12.369800000000001
9-Sep,Lucknow,After 5G,4,83.74,DADAFONE,11.49,9.621725999999999
9-Sep,Patna,After 5G,4,68.74,DADAFONE,11.74,8.070076
9-Sep,Coimbatore,After 5G,4,60.9,DADAFONE,11.53,7.02177
9-Sep,Chandigarh,After 5G,4,44.33,DADAFONE,10.09,4.472897
9-Sep,Gurgaon,After 5G,4,34.48,DADAFONE,10.73,3.699704
9-Sep,Raipur,After 5G,4,21.5,DADAFONE,12.52,2.6918
1-Jan,Mumbai,Before 5G,1,286.29,Others,7.52,21.529007999999997
1-Jan,Delhi,Before 5G,1,241.59,Others,6.57,15.872463000000002
1-Jan,Kolkata,Before 5G,1,222.19,Others,7.93,17.619667
1-Jan,Bangalore,Before 5G,1,195.41,Others,5.46,10.669386000000001
1-Jan,Chennai,Before 5G,1,166.78,Others,7.03,11.724634
1-Jan,Hyderabad,Before 5G,1,148.68,Others,7.35,10.92798
1-Jan,Pune,Before 5G,1,141.3,Others,8.45,11.93985
1-Jan,Ahmedabad,Before 5G,1,110.08,Others,6.54,7.199232
1-Jan,Jaipur,Before 5G,1,79.05,Others,6.32,4.99596
1-Jan,Lucknow,Before 5G,1,67.6,Others,5.35,3.6165999999999996
1-Jan,Patna,Before 5G,1,55.78,Others,7.36,4.105408
1-Jan,Coimbatore,Before 5G,1,50.24,Others,9.02,4.531648000000001
1-Jan,Chandigarh,Before 5G,1,36.57,Others,8.81,3.2218170000000006
1-Jan,Gurgaon,Before 5G,1,27.89,Others,7.97,2.222833
1-Jan,Raipur,Before 5G,1,17.55,Others,6.58,1.15479
2-Feb,Mumbai,Before 5G,2,328.6,Others,5.66,18.598760000000002
2-Feb,Delhi,Before 5G,2,277.3,Others,7.19,19.937870000000004
2-Feb,Kolkata,Before 5G,2,255.04,Others,7.72,19.689087999999998
2-Feb,Bangalore,Before 5G,2,224.3,Others,7.4,16.598200000000002
2-Feb,Chennai,Before 5G,2,191.44,Others,7.97,15.257767999999999
2-Feb,Hyderabad,Before 5G,2,170.66,Others,6.16,10.512656
2-Feb,Pune,Before 5G,2,162.18,Others,7.47,12.114846000000002
2-Feb,Ahmedabad,Before 5G,2,126.35,Others,8.04,10.158539999999999
2-Feb,Jaipur,Before 5G,2,90.74,Others,6.13,5.562361999999999
2-Feb,Lucknow,Before 5G,2,77.59,Others,5.55,4.3062450000000005
2-Feb,Patna,Before 5G,2,64.02,Others,7.63,4.884726
2-Feb,Coimbatore,Before 5G,2,57.66,Others,7.4,4.26684
2-Feb,Chandigarh,Before 5G,2,41.98,Others,8.88,3.727824
2-Feb,Gurgaon,Before 5G,2,32.01,Others,8.45,2.7048449999999997
2-Feb,Raipur,Before 5G,2,20.14,Others,6.51,1.311114
3-Mar,Mumbai,Before 5G,3,305.81,Others,7.24,22.140644
3-Mar,Delhi,Before 5G,3,258.07,Others,8.17,21.084318999999997
3-Mar,Kolkata,Before 5G,3,237.35,Others,7.15,16.970525000000002
3-Mar,Bangalore,Before 5G,3,208.74,Others,6.86,14.319564000000002
3-Mar,Chennai,Before 5G,3,178.16,Others,6.13,10.921208
3-Mar,Hyderabad,Before 5G,3,158.83,Others,6.79,10.784557000000001
3-Mar,Pune,Before 5G,3,150.93,Others,7.37,11.123541000000001
3-Mar,Ahmedabad,Before 5G,3,117.59,Others,6.99,8.219541000000001
3-Mar,Jaipur,Before 5G,3,84.44,Others,5.46,4.610424
3-Mar,Lucknow,Before 5G,3,72.21,Others,7.84,5.661263999999999
3-Mar,Patna,Before 5G,3,59.58,Others,6.33,3.7714139999999996
3-Mar,Coimbatore,Before 5G,3,53.67,Others,8.73,4.685391
3-Mar,Chandigarh,Before 5G,3,39.07,Others,9.15,3.5749049999999998
3-Mar,Gurgaon,Before 5G,3,29.79,Others,6.75,2.010825
3-Mar,Raipur,Before 5G,3,18.74,Others,7.7,1.44298
4-Apr,Mumbai,Before 5G,4,324.26,Others,7.22,23.411572
4-Apr,Delhi,Before 5G,4,273.63,Others,5.86,16.034718
4-Apr,Kolkata,Before 5G,4,251.67,Others,6.4,16.10688
4-Apr,Bangalore,Before 5G,4,221.33,Others,7.79,17.241607000000002
4-Apr,Chennai,Before 5G,4,188.91,Others,7.67,14.489397
4-Apr,Hyderabad,Before 5G,4,168.41,Others,8.82,14.853762
4-Apr,Pune,Before 5G,4,160.04,Others,6.47,10.354587999999998
4-Apr,Ahmedabad,Before 5G,4,124.68,Others,6.64,8.278752
4-Apr,Jaipur,Before 5G,4,89.54,Others,7.06,6.321524
4-Apr,Lucknow,Before 5G,4,76.57,Others,6.33,4.846880999999999
4-Apr,Patna,Before 5G,4,63.18,Others,5.77,3.6454859999999996
4-Apr,Coimbatore,Before 5G,4,56.9,Others,7.11,4.04559
4-Apr,Chandigarh,Before 5G,4,41.42,Others,7.16,2.965672
4-Apr,Gurgaon,Before 5G,4,31.59,Others,7.16,2.261844
4-Apr,Raipur,Before 5G,4,19.87,Others,7.7,1.52999
6-Jun,Mumbai,After 5G,1,308.0,Others,7.62,23.4696
6-Jun,Delhi,After 5G,1,253.61,Others,6.66,16.890426
6-Jun,Kolkata,After 5G,1,235.88,Others,8.03,18.941164
6-Jun,Bangalore,After 5G,1,211.24,Others,5.54,11.702696
6-Jun,Chennai,After 5G,1,174.99,Others,7.12,12.459288
6-Jun,Hyderabad,After 5G,1,157.64,Others,7.46,11.759943999999999
6-Jun,Pune,After 5G,1,152.13,Others,8.54,12.991901999999998
6-Jun,Ahmedabad,After 5G,1,115.47,Others,6.62,7.644113999999999
6-Jun,Jaipur,After 5G,1,85.72,Others,6.45,5.52894
6-Jun,Lucknow,After 5G,1,73.7,Others,5.41,3.9871700000000003
6-Jun,Patna,After 5G,1,60.5,Others,7.48,4.5254
6-Jun,Coimbatore,After 5G,1,53.6,Others,9.11,4.88296
6-Jun,Chandigarh,After 5G,1,39.02,Others,8.91,3.4766820000000003
6-Jun,Gurgaon,After 5G,1,30.35,Others,8.06,2.44621
6-Jun,Raipur,After 5G,1,18.92,Others,6.69,1.265748
7-Jul,Mumbai,After 5G,2,348.85,Others,5.76,20.09376
7-Jul,Delhi,After 5G,2,287.25,Others,7.34,21.084149999999998
7-Jul,Kolkata,After 5G,2,267.16,Others,7.83,20.918628000000002
7-Jul,Bangalore,After 5G,2,239.26,Others,7.56,18.088055999999998
7-Jul,Chennai,After 5G,2,198.2,Others,8.2,16.252399999999998
7-Jul,Hyderabad,After 5G,2,178.56,Others,6.28,11.213568000000002
7-Jul,Pune,After 5G,2,172.31,Others,7.6,13.095559999999999
7-Jul,Ahmedabad,After 5G,2,130.79,Others,8.18,10.698621999999999
7-Jul,Jaipur,After 5G,2,97.09,Others,6.24,6.058416
7-Jul,Lucknow,After 5G,2,83.47,Others,5.73,4.782831
7-Jul,Patna,After 5G,2,68.52,Others,7.77,5.3240039999999995
7-Jul,Coimbatore,After 5G,2,60.71,Others,7.56,4.589676
7-Jul,Chandigarh,After 5G,2,44.19,Others,9.01,3.9815189999999996
7-Jul,Gurgaon,After 5G,2,34.37,Others,8.72,2.997064
7-Jul,Raipur,After 5G,2,21.43,Others,6.63,1.420809
8-Aug,Mumbai,After 5G,3,333.45,Others,7.35,24.508574999999997
8-Aug,Delhi,After 5G,3,274.57,Others,8.29,22.761852999999995
8-Aug,Kolkata,After 5G,3,255.37,Others,7.28,18.590936000000003
8-Aug,Bangalore,After 5G,3,228.7,Others,6.95,15.89465
8-Aug,Chennai,After 5G,3,189.45,Others,6.21,11.764845
8-Aug,Hyderabad,After 5G,3,170.67,Others,6.87,11.725029
8-Aug,Pune,After 5G,3,164.7,Others,7.48,12.31956
8-Aug,Ahmedabad,After 5G,3,125.02,Others,7.11,8.888921999999999
8-Aug,Jaipur,After 5G,3,92.8,Others,5.54,5.14112
8-Aug,Lucknow,After 5G,3,79.79,Others,7.94,6.335326
8-Aug,Patna,After 5G,3,65.5,Others,6.4,4.192
8-Aug,Coimbatore,After 5G,3,58.03,Others,8.91,5.170473
8-Aug,Chandigarh,After 5G,3,42.24,Others,9.27,3.9156479999999996
8-Aug,Gurgaon,After 5G,3,32.85,Others,6.84,2.2469400000000004
8-Aug,Raipur,After 5G,3,20.48,Others,7.79,1.595392
9-Sep,Mumbai,After 5G,4,349.97,Others,7.36,25.757792000000002
9-Sep,Delhi,After 5G,4,288.17,Others,5.98,17.232566000000002
9-Sep,Kolkata,After 5G,4,268.02,Others,6.52,17.474904
9-Sep,Bangalore,After 5G,4,240.03,Others,7.94,19.058381999999998
9-Sep,Chennai,After 5G,4,198.83,Others,7.81,15.528623000000001
9-Sep,Hyderabad,After 5G,4,179.13,Others,8.96,16.050048
9-Sep,Pune,After 5G,4,172.86,Others,6.67,11.529762
9-Sep,Ahmedabad,After 5G,4,131.21,Others,6.77,8.882917
9-Sep,Jaipur,After 5G,4,97.4,Others,7.19,7.003060000000001
9-Sep,Lucknow,After 5G,4,83.74,Others,6.44,5.392855999999999
9-Sep,Patna,After 5G,4,68.74,Others,5.87,4.035038
9-Sep,Coimbatore,After 5G,4,60.9,Others,7.22,4.39698
9-Sep,Chandigarh,After 5G,4,44.33,Others,7.35,3.2582549999999997
9-Sep,Gurgaon,After 5G,4,34.48,Others,7.3,2.5170399999999997
9-Sep,Raipur,After 5G,4,21.5,Others,7.83,1.68345
