plans,plan_def,month,city,5G,time_period,plan_revenue_crores
p1,Smart Recharge Pack (2 GB / Day Combo For 3 months),1-Jan,Mumbai,Before 5G,1,6.26
p1,Smart Recharge Pack (2 GB / Day Combo For 3 months),1-Jan,Delhi,Before 5G,1,4.58
p1,Smart Recharge Pack (2 GB / Day Combo For 3 months),1-Jan,Kolkata,Before 5G,1,4.29
p1,Smart Recharge Pack (2 GB / Day Combo For 3 months),1-Jan,Bangalore,Before 5G,1,4.26
p1,Smart Recharge Pack (2 GB / Day Combo For 3 months),1-Jan,Chennai,Before 5G,1,3.6
p1,Smart Recharge Pack (2 GB / Day Combo For 3 months),1-Jan,Hyderabad,Before 5G,1,3.26
p1,Smart Recharge Pack (2 GB / Day Combo For 3 months),1-Jan,Pune,Before 5G,1,2.27
p1,Smart Recharge Pack (2 GB / Day Combo For 3 months),1-Jan,Ahmedabad,Before 5G,1,2.68
p1,Smart Recharge Pack (2 GB / Day Combo For 3 months),1-Jan,Jaipur,Before 5G,1,2.46
p1,Smart Recharge Pack (2 GB / Day Combo For 3 months),1-Jan,Lucknow,Before 5G,1,1.64
p1,Smart Recharge Pack (2 GB / Day Combo For 3 months),1-Jan,Patna,Before 5G,1,1.8
p1,Smart Recharge Pack (2 GB / Day Combo For 3 months),1-Jan,Coimbatore,Before 5G,1,0.81
p1,Smart Recharge Pack (2 GB / Day Combo For 3 months),1-Jan,Chandigarh,Before 5G,1,0.73
p1,Smart Recharge Pack (2 GB / Day Combo For 3 months),1-Jan,Gurgaon,Before 5G,1,0.48
p1,Smart Recharge Pack (2 GB / Day Combo For 3 months),1-Jan,Raipur,Before 5G,1,0.49
p1,Smart Recharge Pack (2 GB / Day Combo For 3 months),2-Feb,Mumbai,Before 5G,2,7.86
p1,Smart Recharge Pack (2 GB / Day Combo For 3 months),2-Feb,Delhi,Before 5G,2,5.43
p1,Smart Recharge Pack (2 GB / Day Combo For 3 months),2-Feb,Kolkata,Before 5G,2,5.36
p1,Smart Recharge Pack (2 GB / Day Combo For 3 months),2-Feb,Bangalore,Before 5G,2,5.47
p1,Smart Recharge Pack (2 GB / Day Combo For 3 months),2-Feb,Chennai,Before 5G,2,7.02
p1,Smart Recharge Pack (2 GB / Day Combo For 3 months),2-Feb,Hyderabad,Before 5G,2,4.16
p1,Smart Recharge Pack (2 GB / Day Combo For 3 months),2-Feb,Pune,Before 5G,2,3.44
p1,Smart Recharge Pack (2 GB / Day Combo For 3 months),2-Feb,Ahmedabad,Before 5G,2,2.22
p1,Smart Recharge Pack (2 GB / Day Combo For 3 months),2-Feb,Jaipur,Before 5G,2,1.51
p1,Smart Recharge Pack (2 GB / Day Combo For 3 months),2-Feb,Lucknow,Before 5G,2,3.17
p1,Smart Recharge Pack (2 GB / Day Combo For 3 months),2-Feb,Patna,Before 5G,2,1.4
p1,Smart Recharge Pack (2 GB / Day Combo For 3 months),2-Feb,Coimbatore,Before 5G,2,1.33
p1,Smart Recharge Pack (2 GB / Day Combo For 3 months),2-Feb,Chandigarh,Before 5G,2,0.54
p1,Smart Recharge Pack (2 GB / Day Combo For 3 months),2-Feb,Gurgaon,Before 5G,2,0.9
p1,Smart Recharge Pack (2 GB / Day Combo For 3 months),2-Feb,Raipur,Before 5G,2,0.47
p1,Smart Recharge Pack (2 GB / Day Combo For 3 months),3-Mar,Mumbai,Before 5G,3,5.66
p1,Smart Recharge Pack (2 GB / Day Combo For 3 months),3-Mar,Delhi,Before 5G,3,5.84
p1,Smart Recharge Pack (2 GB / Day Combo For 3 months),3-Mar,Kolkata,Before 5G,3,7.54
p1,Smart Recharge Pack (2 GB / Day Combo For 3 months),3-Mar,Bangalore,Before 5G,3,4.97
p1,Smart Recharge Pack (2 GB / Day Combo For 3 months),3-Mar,Chennai,Before 5G,3,3.33
p1,Smart Recharge Pack (2 GB / Day Combo For 3 months),3-Mar,Hyderabad,Before 5G,3,3.37
p1,Smart Recharge Pack (2 GB / Day Combo For 3 months),3-Mar,Pune,Before 5G,3,4.18
p1,Smart Recharge Pack (2 GB / Day Combo For 3 months),3-Mar,Ahmedabad,Before 5G,3,2.99
p1,Smart Recharge Pack (2 GB / Day Combo For 3 months),3-Mar,Jaipur,Before 5G,3,1.88
p1,Smart Recharge Pack (2 GB / Day Combo For 3 months),3-Mar,Lucknow,Before 5G,3,1.8
p1,Smart Recharge Pack (2 GB / Day Combo For 3 months),3-Mar,Patna,Before 5G,3,1.06
p1,Smart Recharge Pack (2 GB / Day Combo For 3 months),3-Mar,Coimbatore,Before 5G,3,1.96
p1,Smart Recharge Pack (2 GB / Day Combo For 3 months),3-Mar,Chandigarh,Before 5G,3,0.94
p1,Smart Recharge Pack (2 GB / Day Combo For 3 months),3-Mar,Gurgaon,Before 5G,3,0.66
p1,Smart Recharge Pack (2 GB / Day Combo For 3 months),3-Mar,Raipur,Before 5G,3,0.38
p1,Smart Recharge Pack (2 GB / Day Combo For 3 months),4-Apr,Mumbai,Before 5G,4,5.6
p1,Smart Recharge Pack (2 GB / Day Combo For 3 months),4-Apr,Delhi,Before 5G,4,4.66
p1,Smart Recharge Pack (2 GB / Day Combo For 3 months),4-Apr,Kolkata,Before 5G,4,4.51
p1,Smart Recharge Pack (2 GB / Day Combo For 3 months),4-Apr,Bangalore,Before 5G,4,5.13
p1,Smart Recharge Pack (2 GB / Day Combo For 3 months),4-Apr,Chennai,Before 5G,4,4.53
p1,Smart Recharge Pack (2 GB / Day Combo For 3 months),4-Apr,Hyderabad,Before 5G,4,3.01
p1,Smart Recharge Pack (2 GB / Day Combo For 3 months),4-Apr,Pune,Before 5G,4,5.52
p1,Smart Recharge Pack (2 GB / Day Combo For 3 months),4-Apr,Ahmedabad,Before 5G,4,3.45
p1,Smart Recharge Pack (2 GB / Day Combo For 3 months),4-Apr,Jaipur,Before 5G,4,1.83
p1,Smart Recharge Pack (2 GB / Day Combo For 3 months),4-Apr,Lucknow,Before 5G,4,1.7
p1,Smart Recharge Pack (2 GB / Day Combo For 3 months),4-Apr,Patna,Before 5G,4,1.48
p1,Smart Recharge Pack (2 GB / Day Combo For 3 months),4-Apr,Coimbatore,Before 5G,4,1.08
p1,Smart Recharge Pack (2 GB / Day Combo For 3 months),4-Apr,Chandigarh,Before 5G,4,1.22
p1,Smart Recharge Pack (2 GB / Day Combo For 3 months),4-Apr,Gurgaon,Before 5G,4,0.64
p1,Smart Recharge Pack (2 GB / Day Combo For 3 months),4-Apr,Raipur,Before 5G,4,0.46
p1,Smart Recharge Pack (2 GB / Day Combo For 3 months),6-Jun,Mumbai,After 5G,1,9.83
p1,Smart Recharge Pack (2 GB / Day Combo For 3 months),6-Jun,Delhi,After 5G,1,6.18
p1,Smart Recharge Pack (2 GB / Day Combo For 3 months),6-Jun,Kolkata,After 5G,1,5.64
p1,Smart Recharge Pack (2 GB / Day Combo For 3 months),6-Jun,Bangalore,After 5G,1,5.94
p1,Smart Recharge Pack (2 GB / Day Combo For 3 months),6-Jun,Chennai,After 5G,1,4.63
p1,Smart Recharge Pack (2 GB / Day Combo For 3 months),6-Jun,Hyderabad,After 5G,1,4.07
p1,Smart Recharge Pack (2 GB / Day Combo For 3 months),6-Jun,Pune,After 5G,1,3.51
p1,Smart Recharge Pack (2 GB / Day Combo For 3 months),6-Jun,Ahmedabad,After 5G,1,3.07
p1,Smart Recharge Pack (2 GB / Day Combo For 3 months),6-Jun,Jaipur,After 5G,1,2.93
p1,Smart Recharge Pack (2 GB / Day Combo For 3 months),6-Jun,Lucknow,After 5G,1,1.78
p1,Smart Recharge Pack (2 GB / Day Combo For 3 months),6-Jun,Patna,After 5G,1,2.61
p1,Smart Recharge Pack (2 GB / Day Combo For 3 months),6-Jun,Coimbatore,After 5G,1,1.05
p1,Smart Recharge Pack (2 GB / Day Combo For 3 months),6-Jun,Chandigarh,After 5G,1,0.94
p1,Smart Recharge Pack (2 GB / Day Combo For 3 months),6-Jun,Gurgaon,After 5G,1,0.73
p1,Smart Recharge Pack (2 GB / Day Combo For 3 months),6-Jun,Raipur,After 5G,1,0.67
p1,Smart Recharge Pack (2 GB / Day Combo For 3 months),7-Jul,Mumbai,After 5G,2,8.71
p1,Smart Recharge Pack (2 GB / Day Combo For 3 months),7-Jul,Delhi,After 5G,2,8.32
p1,Smart Recharge Pack (2 GB / Day Combo For 3 months),7-Jul,Kolkata,After 5G,2,5.59
p1,Smart Recharge Pack (2 GB / Day Combo For 3 months),7-Jul,Bangalore,After 5G,2,6.83
p1,Smart Recharge Pack (2 GB / Day Combo For 3 months),7-Jul,Chennai,After 5G,2,9.07
p1,Smart Recharge Pack (2 GB / Day Combo For 3 months),7-Jul,Hyderabad,After 5G,2,5.83
p1,Smart Recharge Pack (2 GB / Day Combo For 3 months),7-Jul,Pune,After 5G,2,3.66
p1,Smart Recharge Pack (2 GB / Day Combo For 3 months),7-Jul,Ahmedabad,After 5G,2,2.86
p1,Smart Recharge Pack (2 GB / Day Combo For 3 months),7-Jul,Jaipur,After 5G,2,2.26
p1,Smart Recharge Pack (2 GB / Day Combo For 3 months),7-Jul,Lucknow,After 5G,2,3.37
p1,Smart Recharge Pack (2 GB / Day Combo For 3 months),7-Jul,Patna,After 5G,2,1.52
p1,Smart Recharge Pack (2 GB / Day Combo For 3 months),7-Jul,Coimbatore,After 5G,2,1.68
p1,Smart Recharge Pack (2 GB / Day Combo For 3 months),7-Jul,Chandigarh,After 5G,2,0.92
p1,Smart Recharge Pack (2 GB / Day Combo For 3 months),7-Jul,Gurgaon,After 5G,2,1.47
p1,Smart Recharge Pack (2 GB / Day Combo For 3 months),7-Jul,Raipur,After 5G,2,0.7
p1,Smart Recharge Pack (2 GB / Day Combo For 3 months),8-Aug,Mumbai,After 5G,3,7.68
p1,Smart Recharge Pack (2 GB / Day Combo For 3 months),8-Aug,Delhi,After 5G,3,7.48
p1,Smart Recharge Pack (2 GB / Day Combo For 3 months),8-Aug,Kolkata,After 5G,3,11.46
p1,Smart Recharge Pack (2 GB / Day Combo For 3 months),8-Aug,Bangalore,After 5G,3,5.99
p1,Smart Recharge Pack (2 GB / Day Combo For 3 months),8-Aug,Chennai,After 5G,3,4.35
p1,Smart Recharge Pack (2 GB / Day Combo For 3 months),8-Aug,Hyderabad,After 5G,3,4.09
p1,Smart Recharge Pack (2 GB / Day Combo For 3 months),8-Aug,Pune,After 5G,3,4.74
p1,Smart Recharge Pack (2 GB / Day Combo For 3 months),8-Aug,Ahmedabad,After 5G,3,4.54
p1,Smart Recharge Pack (2 GB / Day Combo For 3 months),8-Aug,Jaipur,After 5G,3,2.65
p1,Smart Recharge Pack (2 GB / Day Combo For 3 months),8-Aug,Lucknow,After 5G,3,2.3
p1,Smart Recharge Pack (2 GB / Day Combo For 3 months),8-Aug,Patna,After 5G,3,1.71
p1,Smart Recharge Pack (2 GB / Day Combo For 3 months),8-Aug,Coimbatore,After 5G,3,2.44
p1,Smart Recharge Pack (2 GB / Day Combo For 3 months),8-Aug,Chandigarh,After 5G,3,1.18
p1,Smart Recharge Pack (2 GB / Day Combo For 3 months),8-Aug,Gurgaon,After 5G,3,0.87
p1,Smart Recharge Pack (2 GB / Day Combo For 3 months),8-Aug,Raipur,After 5G,3,0.54
p1,Smart Recharge Pack (2 GB / Day Combo For 3 months),9-Sep,Mumbai,After 5G,4,9.5
p1,Smart Recharge Pack (2 GB / Day Combo For 3 months),9-Sep,Delhi,After 5G,4,7.5
p1,Smart Recharge Pack (2 GB / Day Combo For 3 months),9-Sep,Kolkata,After 5G,4,6.92
p1,Smart Recharge Pack (2 GB / Day Combo For 3 months),9-Sep,Bangalore,After 5G,4,5.62
p1,Smart Recharge Pack (2 GB / Day Combo For 3 months),9-Sep,Chennai,After 5G,4,4.64
p1,Smart Recharge Pack (2 GB / Day Combo For 3 months),9-Sep,Hyderabad,After 5G,4,4.02
p1,Smart Recharge Pack (2 GB / Day Combo For 3 months),9-Sep,Pune,After 5G,4,7.42
p1,Smart Recharge Pack (2 GB / Day Combo For 3 months),9-Sep,Ahmedabad,After 5G,4,3.73
p1,Smart Recharge Pack (2 GB / Day Combo For 3 months),9-Sep,Jaipur,After 5G,4,2.31
p1,Smart Recharge Pack (2 GB / Day Combo For 3 months),9-Sep,Lucknow,After 5G,4,2.23
p1,Smart Recharge Pack (2 GB / Day Combo For 3 months),9-Sep,Patna,After 5G,4,2.04
p1,Smart Recharge Pack (2 GB / Day Combo For 3 months),9-Sep,Coimbatore,After 5G,4,1.35
p1,Smart Recharge Pack (2 GB / Day Combo For 3 months),9-Sep,Chandigarh,After 5G,4,1.43
p1,Smart Recharge Pack (2 GB / Day Combo For 3 months),9-Sep,Gurgaon,After 5G,4,1.02
p1,Smart Recharge Pack (2 GB / Day Combo For 3 months),9-Sep,Raipur,After 5G,4,0.54
p2,Super Saviour Pack (1.5 GB / Day Combo For 56 days),1-Jan,Mumbai,Before 5G,1,4.87
p2,Super Saviour Pack (1.5 GB / Day Combo For 56 days),1-Jan,Delhi,Before 5G,1,4.01
p2,Super Saviour Pack (1.5 GB / Day Combo For 56 days),1-Jan,Kolkata,Before 5G,1,4.01
p2,Super Saviour Pack (1.5 GB / Day Combo For 56 days),1-Jan,Bangalore,Before 5G,1,3.76
p2,Super Saviour Pack (1.5 GB / Day Combo For 56 days),1-Jan,Chennai,Before 5G,1,2.82
p2,Super Saviour Pack (1.5 GB / Day Combo For 56 days),1-Jan,Hyderabad,Before 5G,1,2.42
p2,Super Saviour Pack (1.5 GB / Day Combo For 56 days),1-Jan,Pune,Before 5G,1,2.05
p2,Super Saviour Pack (1.5 GB / Day Combo For 56 days),1-Jan,Ahmedabad,Before 5G,1,1.92
p2,Super Saviour Pack (1.5 GB / Day Combo For 56 days),1-Jan,Jaipur,Before 5G,1,1.98
p2,Super Saviour Pack (1.5 GB / Day Combo For 56 days),1-Jan,Lucknow,Before 5G,1,1.22
p2,Super Saviour Pack (1.5 GB / Day Combo For 56 days),1-Jan,Patna,Before 5G,1,1.53
p2,Super Saviour Pack (1.5 GB / Day Combo For 56 days),1-Jan,Coimbatore,Before 5G,1,0.58
p2,Super Saviour Pack (1.5 GB / Day Combo For 56 days),1-Jan,Chandigarh,Before 5G,1,0.61
p2,Super Saviour Pack (1.5 GB / Day Combo For 56 days),1-Jan,Gurgaon,Before 5G,1,0.42
p2,Super Saviour Pack (1.5 GB / Day Combo For 56 days),1-Jan,Raipur,Before 5G,1,0.35
p2,Super Saviour Pack (1.5 GB / Day Combo For 56 days),2-Feb,Mumbai,Before 5G,2,5.64
p2,Super Saviour Pack (1.5 GB / Day Combo For 56 days),2-Feb,Delhi,Before 5G,2,4.77
p2,Super Saviour Pack (1.5 GB / Day Combo For 56 days),2-Feb,Kolkata,Before 5G,2,4.59
p2,Super Saviour Pack (1.5 GB / Day Combo For 56 days),2-Feb,Bangalore,Before 5G,2,4.77
p2,Super Saviour Pack (1.5 GB / Day Combo For 56 days),2-Feb,Chennai,Before 5G,2,5.95
p2,Super Saviour Pack (1.5 GB / Day Combo For 56 days),2-Feb,Hyderabad,Before 5G,2,3.12
p2,Super Saviour Pack (1.5 GB / Day Combo For 56 days),2-Feb,Pune,Before 5G,2,2.66
p2,Super Saviour Pack (1.5 GB / Day Combo For 56 days),2-Feb,Ahmedabad,Before 5G,2,1.62
p2,Super Saviour Pack (1.5 GB / Day Combo For 56 days),2-Feb,Jaipur,Before 5G,2,1.21
p2,Super Saviour Pack (1.5 GB / Day Combo For 56 days),2-Feb,Lucknow,Before 5G,2,2.8
p2,Super Saviour Pack (1.5 GB / Day Combo For 56 days),2-Feb,Patna,Before 5G,2,1.06
p2,Super Saviour Pack (1.5 GB / Day Combo For 56 days),2-Feb,Coimbatore,Before 5G,2,1.03
p2,Super Saviour Pack (1.5 GB / Day Combo For 56 days),2-Feb,Chandigarh,Before 5G,2,0.51
p2,Super Saviour Pack (1.5 GB / Day Combo For 56 days),2-Feb,Gurgaon,Before 5G,2,0.79
p2,Super Saviour Pack (1.5 GB / Day Combo For 56 days),2-Feb,Raipur,Before 5G,2,0.4
p2,Super Saviour Pack (1.5 GB / Day Combo For 56 days),3-Mar,Mumbai,Before 5G,3,4.93
p2,Super Saviour Pack (1.5 GB / Day Combo For 56 days),3-Mar,Delhi,Before 5G,3,4.38
p2,Super Saviour Pack (1.5 GB / Day Combo For 56 days),3-Mar,Kolkata,Before 5G,3,6.21
p2,Super Saviour Pack (1.5 GB / Day Combo For 56 days),3-Mar,Bangalore,Before 5G,3,4.51
p2,Super Saviour Pack (1.5 GB / Day Combo For 56 days),3-Mar,Chennai,Before 5G,3,2.5
p2,Super Saviour Pack (1.5 GB / Day Combo For 56 days),3-Mar,Hyderabad,Before 5G,3,2.7
p2,Super Saviour Pack (1.5 GB / Day Combo For 56 days),3-Mar,Pune,Before 5G,3,3.19
p2,Super Saviour Pack (1.5 GB / Day Combo For 56 days),3-Mar,Ahmedabad,Before 5G,3,2.89
p2,Super Saviour Pack (1.5 GB / Day Combo For 56 days),3-Mar,Jaipur,Before 5G,3,1.52
p2,Super Saviour Pack (1.5 GB / Day Combo For 56 days),3-Mar,Lucknow,Before 5G,3,1.42
p2,Super Saviour Pack (1.5 GB / Day Combo For 56 days),3-Mar,Patna,Before 5G,3,0.91
p2,Super Saviour Pack (1.5 GB / Day Combo For 56 days),3-Mar,Coimbatore,Before 5G,3,1.72
p2,Super Saviour Pack (1.5 GB / Day Combo For 56 days),3-Mar,Chandigarh,Before 5G,3,0.85
p2,Super Saviour Pack (1.5 GB / Day Combo For 56 days),3-Mar,Gurgaon,Before 5G,3,0.5
p2,Super Saviour Pack (1.5 GB / Day Combo For 56 days),3-Mar,Raipur,Before 5G,3,0.33
p2,Super Saviour Pack (1.5 GB / Day Combo For 56 days),4-Apr,Mumbai,Before 5G,4,5.09
p2,Super Saviour Pack (1.5 GB / Day Combo For 56 days),4-Apr,Delhi,Before 5G,4,3.83
p2,Super Saviour Pack (1.5 GB / Day Combo For 56 days),4-Apr,Kolkata,Before 5G,4,4.36
p2,Super Saviour Pack (1.5 GB / Day Combo For 56 days),4-Apr,Bangalore,Before 5G,4,4.22
p2,Super Saviour Pack (1.5 GB / Day Combo For 56 days),4-Apr,Chennai,Before 5G,4,3.31
p2,Super Saviour Pack (1.5 GB / Day Combo For 56 days),4-Apr,Hyderabad,Before 5G,4,2.22
p2,Super Saviour Pack (1.5 GB / Day Combo For 56 days),4-Apr,Pune,Before 5G,4,4.71
p2,Super Saviour Pack (1.5 GB / Day Combo For 56 days),4-Apr,Ahmedabad,Before 5G,4,2.56
p2,Super Saviour Pack (1.5 GB / Day Combo For 56 days),4-Apr,Jaipur,Before 5G,4,1.36
p2,Super Saviour Pack (1.5 GB / Day Combo For 56 days),4-Apr,Lucknow,Before 5G,4,1.25
p2,Super Saviour Pack (1.5 GB / Day Combo For 56 days),4-Apr,Patna,Before 5G,4,1.05
p2,Super Saviour Pack (1.5 GB / Day Combo For 56 days),4-Apr,Coimbatore,Before 5G,4,0.92
p2,Super Saviour Pack (1.5 GB / Day Combo For 56 days),4-Apr,Chandigarh,Before 5G,4,1.01
p2,Super Saviour Pack (1.5 GB / Day Combo For 56 days),4-Apr,Gurgaon,Before 5G,4,0.52
p2,Super Saviour Pack (1.5 GB / Day Combo For 56 days),4-Apr,Raipur,Before 5G,4,0.36
p2,Super Saviour Pack (1.5 GB / Day Combo For 56 days),6-Jun,Mumbai,After 5G,1,6.47
p2,Super Saviour Pack (1.5 GB / Day Combo For 56 days),6-Jun,Delhi,After 5G,1,3.68
p2,Super Saviour Pack (1.5 GB / Day Combo For 56 days),6-Jun,Kolkata,After 5G,1,3.09
p2,Super Saviour Pack (1.5 GB / Day Combo For 56 days),6-Jun,Bangalore,After 5G,1,4.02
p2,Super Saviour Pack (1.5 GB / Day Combo For 56 days),6-Jun,Chennai,After 5G,1,2.91
p2,Super Saviour Pack (1.5 GB / Day Combo For 56 days),6-Jun,Hyderabad,After 5G,1,2.64
p2,Super Saviour Pack (1.5 GB / Day Combo For 56 days),6-Jun,Pune,After 5G,1,2.16
p2,Super Saviour Pack (1.5 GB / Day Combo For 56 days),6-Jun,Ahmedabad,After 5G,1,2.1
p2,Super Saviour Pack (1.5 GB / Day Combo For 56 days),6-Jun,Jaipur,After 5G,1,2.12
p2,Super Saviour Pack (1.5 GB / Day Combo For 56 days),6-Jun,Lucknow,After 5G,1,0.99
p2,Super Saviour Pack (1.5 GB / Day Combo For 56 days),6-Jun,Patna,After 5G,1,1.57
p2,Super Saviour Pack (1.5 GB / Day Combo For 56 days),6-Jun,Coimbatore,After 5G,1,0.72
p2,Super Saviour Pack (1.5 GB / Day Combo For 56 days),6-Jun,Chandigarh,After 5G,1,0.64
p2,Super Saviour Pack (1.5 GB / Day Combo For 56 days),6-Jun,Gurgaon,After 5G,1,0.47
p2,Super Saviour Pack (1.5 GB / Day Combo For 56 days),6-Jun,Raipur,After 5G,1,0.41
p2,Super Saviour Pack (1.5 GB / Day Combo For 56 days),7-Jul,Mumbai,After 5G,2,5.81
p2,Super Saviour Pack (1.5 GB / Day Combo For 56 days),7-Jul,Delhi,After 5G,2,4.79
p2,Super Saviour Pack (1.5 GB / Day Combo For 56 days),7-Jul,Kolkata,After 5G,2,3.41
p2,Super Saviour Pack (1.5 GB / Day Combo For 56 days),7-Jul,Bangalore,After 5G,2,4.39
p2,Super Saviour Pack (1.5 GB / Day Combo For 56 days),7-Jul,Chennai,After 5G,2,5.09
p2,Super Saviour Pack (1.5 GB / Day Combo For 56 days),7-Jul,Hyderabad,After 5G,2,3.12
p2,Super Saviour Pack (1.5 GB / Day Combo For 56 days),7-Jul,Pune,After 5G,2,2.44
p2,Super Saviour Pack (1.5 GB / Day Combo For 56 days),7-Jul,Ahmedabad,After 5G,2,2.06
p2,Super Saviour Pack (1.5 GB / Day Combo For 56 days),7-Jul,Jaipur,After 5G,2,1.38
p2,Super Saviour Pack (1.5 GB / Day Combo For 56 days),7-Jul,Lucknow,After 5G,2,2.28
p2,Super Saviour Pack (1.5 GB / Day Combo For 56 days),7-Jul,Patna,After 5G,2,0.92
p2,Super Saviour Pack (1.5 GB / Day Combo For 56 days),7-Jul,Coimbatore,After 5G,2,1.12
p2,Super Saviour Pack (1.5 GB / Day Combo For 56 days),7-Jul,Chandigarh,After 5G,2,0.56
p2,Super Saviour Pack (1.5 GB / Day Combo For 56 days),7-Jul,Gurgaon,After 5G,2,0.96
p2,Super Saviour Pack (1.5 GB / Day Combo For 56 days),7-Jul,Raipur,After 5G,2,0.46
p2,Super Saviour Pack (1.5 GB / Day Combo For 56 days),8-Aug,Mumbai,After 5G,3,5.26
p2,Super Saviour Pack (1.5 GB / Day Combo For 56 days),8-Aug,Delhi,After 5G,3,4.49
p2,Super Saviour Pack (1.5 GB / Day Combo For 56 days),8-Aug,Kolkata,After 5G,3,6.82
p2,Super Saviour Pack (1.5 GB / Day Combo For 56 days),8-Aug,Bangalore,After 5G,3,4.16
p2,Super Saviour Pack (1.5 GB / Day Combo For 56 days),8-Aug,Chennai,After 5G,3,3.26
p2,Super Saviour Pack (1.5 GB / Day Combo For 56 days),8-Aug,Hyderabad,After 5G,3,2.76
p2,Super Saviour Pack (1.5 GB / Day Combo For 56 days),8-Aug,Pune,After 5G,3,2.6
p2,Super Saviour Pack (1.5 GB / Day Combo For 56 days),8-Aug,Ahmedabad,After 5G,3,2.54
p2,Super Saviour Pack (1.5 GB / Day Combo For 56 days),8-Aug,Jaipur,After 5G,3,1.52
p2,Super Saviour Pack (1.5 GB / Day Combo For 56 days),8-Aug,Lucknow,After 5G,3,1.57
p2,Super Saviour Pack (1.5 GB / Day Combo For 56 days),8-Aug,Patna,After 5G,3,0.98
p2,Super Saviour Pack (1.5 GB / Day Combo For 56 days),8-Aug,Coimbatore,After 5G,3,1.63
p2,Super Saviour Pack (1.5 GB / Day Combo For 56 days),8-Aug,Chandigarh,After 5G,3,0.66
p2,Super Saviour Pack (1.5 GB / Day Combo For 56 days),8-Aug,Gurgaon,After 5G,3,0.57
p2,Super Saviour Pack (1.5 GB / Day Combo For 56 days),8-Aug,Raipur,After 5G,3,0.37
p2,Super Saviour Pack (1.5 GB / Day Combo For 56 days),9-Sep,Mumbai,After 5G,4,5.46
p2,Super Saviour Pack (1.5 GB / Day Combo For 56 days),9-Sep,Delhi,After 5G,4,5.47
p2,Super Saviour Pack (1.5 GB / Day Combo For 56 days),9-Sep,Kolkata,After 5G,4,4.32
p2,Super Saviour Pack (1.5 GB / Day Combo For 56 days),9-Sep,Bangalore,After 5G,4,3.85
p2,Super Saviour Pack (1.5 GB / Day Combo For 56 days),9-Sep,Chennai,After 5G,4,2.6
p2,Super Saviour Pack (1.5 GB / Day Combo For 56 days),9-Sep,Hyderabad,After 5G,4,2.34
p2,Super Saviour Pack (1.5 GB / Day Combo For 56 days),9-Sep,Pune,After 5G,4,4.16
p2,Super Saviour Pack (1.5 GB / Day Combo For 56 days),9-Sep,Ahmedabad,After 5G,4,2.08
p2,Super Saviour Pack (1.5 GB / Day Combo For 56 days),9-Sep,Jaipur,After 5G,4,1.48
p2,Super Saviour Pack (1.5 GB / Day Combo For 56 days),9-Sep,Lucknow,After 5G,4,1.31
p2,Super Saviour Pack (1.5 GB / Day Combo For 56 days),9-Sep,Patna,After 5G,4,1.07
p2,Super Saviour Pack (1.5 GB / Day Combo For 56 days),9-Sep,Coimbatore,After 5G,4,0.78
p2,Super Saviour Pack (1.5 GB / Day Combo For 56 days),9-Sep,Chandigarh,After 5G,4,0.89
p2,Super Saviour Pack (1.5 GB / Day Combo For 56 days),9-Sep,Gurgaon,After 5G,4,0.54
p2,Super Saviour Pack (1.5 GB / Day Combo For 56 days),9-Sep,Raipur,After 5G,4,0.41
p3,Elite saver Pack (1 GB/ Day) Valid: 28 Days,1-Jan,Mumbai,Before 5G,1,4.17
p3,Elite saver Pack (1 GB/ Day) Valid: 28 Days,1-Jan,Delhi,Before 5G,1,4.01
p3,Elite saver Pack (1 GB/ Day) Valid: 28 Days,1-Jan,Kolkata,Before 5G,1,3.88
p3,Elite saver Pack (1 GB/ Day) Valid: 28 Days,1-Jan,Bangalore,Before 5G,1,3.01
p3,Elite saver Pack (1 GB/ Day) Valid: 28 Days,1-Jan,Chennai,Before 5G,1,2.53
p3,Elite saver Pack (1 GB/ Day) Valid: 28 Days,1-Jan,Hyderabad,Before 5G,1,2.09
p3,Elite saver Pack (1 GB/ Day) Valid: 28 Days,1-Jan,Pune,Before 5G,1,2.05
p3,Elite saver Pack (1 GB/ Day) Valid: 28 Days,1-Jan,Ahmedabad,Before 5G,1,1.79
p3,Elite saver Pack (1 GB/ Day) Valid: 28 Days,1-Jan,Jaipur,Before 5G,1,1.64
p3,Elite saver Pack (1 GB/ Day) Valid: 28 Days,1-Jan,Lucknow,Before 5G,1,1.18
p3,Elite saver Pack (1 GB/ Day) Valid: 28 Days,1-Jan,Patna,Before 5G,1,1.53
p3,Elite saver Pack (1 GB/ Day) Valid: 28 Days,1-Jan,Coimbatore,Before 5G,1,0.49
p3,Elite saver Pack (1 GB/ Day) Valid: 28 Days,1-Jan,Chandigarh,Before 5G,1,0.53
p3,Elite saver Pack (1 GB/ Day) Valid: 28 Days,1-Jan,Gurgaon,Before 5G,1,0.45
p3,Elite saver Pack (1 GB/ Day) Valid: 28 Days,1-Jan,Raipur,Before 5G,1,0.29
p3,Elite saver Pack (1 GB/ Day) Valid: 28 Days,2-Feb,Mumbai,Before 5G,2,4.63
p3,Elite saver Pack (1 GB/ Day) Valid: 28 Days,2-Feb,Delhi,Before 5G,2,3.62
p3,Elite saver Pack (1 GB/ Day) Valid: 28 Days,2-Feb,Kolkata,Before 5G,2,3.37
p3,Elite saver Pack (1 GB/ Day) Valid: 28 Days,2-Feb,Bangalore,Before 5G,2,3.88
p3,Elite saver Pack (1 GB/ Day) Valid: 28 Days,2-Feb,Chennai,Before 5G,2,5.1
p3,Elite saver Pack (1 GB/ Day) Valid: 28 Days,2-Feb,Hyderabad,Before 5G,2,3.01
p3,Elite saver Pack (1 GB/ Day) Valid: 28 Days,2-Feb,Pune,Before 5G,2,2.75
p3,Elite saver Pack (1 GB/ Day) Valid: 28 Days,2-Feb,Ahmedabad,Before 5G,2,1.62
p3,Elite saver Pack (1 GB/ Day) Valid: 28 Days,2-Feb,Jaipur,Before 5G,2,0.95
p3,Elite saver Pack (1 GB/ Day) Valid: 28 Days,2-Feb,Lucknow,Before 5G,2,2.33
p3,Elite saver Pack (1 GB/ Day) Valid: 28 Days,2-Feb,Patna,Before 5G,2,1.02
p3,Elite saver Pack (1 GB/ Day) Valid: 28 Days,2-Feb,Coimbatore,Before 5G,2,1.11
p3,Elite saver Pack (1 GB/ Day) Valid: 28 Days,2-Feb,Chandigarh,Before 5G,2,0.51
p3,Elite saver Pack (1 GB/ Day) Valid: 28 Days,2-Feb,Gurgaon,Before 5G,2,0.66
p3,Elite saver Pack (1 GB/ Day) Valid: 28 Days,2-Feb,Raipur,Before 5G,2,0.34
p3,Elite saver Pack (1 GB/ Day) Valid: 28 Days,3-Mar,Mumbai,Before 5G,3,4.56
p3,Elite saver Pack (1 GB/ Day) Valid: 28 Days,3-Mar,Delhi,Before 5G,3,3.9
p3,Elite saver Pack (1 GB/ Day) Valid: 28 Days,3-Mar,Kolkata,Before 5G,3,5.99
p3,Elite saver Pack (1 GB/ Day) Valid: 28 Days,3-Mar,Bangalore,Before 5G,3,3.88
p3,Elite saver Pack (1 GB/ Day) Valid: 28 Days,3-Mar,Chennai,Before 5G,3,2.59
p3,Elite saver Pack (1 GB/ Day) Valid: 28 Days,3-Mar,Hyderabad,Before 5G,3,2.41
p3,Elite saver Pack (1 GB/ Day) Valid: 28 Days,3-Mar,Pune,Before 5G,3,2.64
p3,Elite saver Pack (1 GB/ Day) Valid: 28 Days,3-Mar,Ahmedabad,Before 5G,3,2.8
p3,Elite saver Pack (1 GB/ Day) Valid: 28 Days,3-Mar,Jaipur,Before 5G,3,1.46
p3,Elite saver Pack (1 GB/ Day) Valid: 28 Days,3-Mar,Lucknow,Before 5G,3,1.23
p3,Elite saver Pack (1 GB/ Day) Valid: 28 Days,3-Mar,Patna,Before 5G,3,0.78
p3,Elite saver Pack (1 GB/ Day) Valid: 28 Days,3-Mar,Coimbatore,Before 5G,3,1.61
p3,Elite saver Pack (1 GB/ Day) Valid: 28 Days,3-Mar,Chandigarh,Before 5G,3,0.65
p3,Elite saver Pack (1 GB/ Day) Valid: 28 Days,3-Mar,Gurgaon,Before 5G,3,0.53
p3,Elite saver Pack (1 GB/ Day) Valid: 28 Days,3-Mar,Raipur,Before 5G,3,0.29
p3,Elite saver Pack (1 GB/ Day) Valid: 28 Days,4-Apr,Mumbai,Before 5G,4,3.73
p3,Elite saver Pack (1 GB/ Day) Valid: 28 Days,4-Apr,Delhi,Before 5G,4,3.15
p3,Elite saver Pack (1 GB/ Day) Valid: 28 Days,4-Apr,Kolkata,Before 5G,4,3.34
p3,Elite saver Pack (1 GB/ Day) Valid: 28 Days,4-Apr,Bangalore,Before 5G,4,3.62
p3,Elite saver Pack (1 GB/ Day) Valid: 28 Days,4-Apr,Chennai,Before 5G,4,3.31
p3,Elite saver Pack (1 GB/ Day) Valid: 28 Days,4-Apr,Hyderabad,Before 5G,4,2.06
p3,Elite saver Pack (1 GB/ Day) Valid: 28 Days,4-Apr,Pune,Before 5G,4,4.22
p3,Elite saver Pack (1 GB/ Day) Valid: 28 Days,4-Apr,Ahmedabad,Before 5G,4,2.48
p3,Elite saver Pack (1 GB/ Day) Valid: 28 Days,4-Apr,Jaipur,Before 5G,4,1.22
p3,Elite saver Pack (1 GB/ Day) Valid: 28 Days,4-Apr,Lucknow,Before 5G,4,1.3
p3,Elite saver Pack (1 GB/ Day) Valid: 28 Days,4-Apr,Patna,Before 5G,4,1.09
p3,Elite saver Pack (1 GB/ Day) Valid: 28 Days,4-Apr,Coimbatore,Before 5G,4,0.76
p3,Elite saver Pack (1 GB/ Day) Valid: 28 Days,4-Apr,Chandigarh,Before 5G,4,0.94
p3,Elite saver Pack (1 GB/ Day) Valid: 28 Days,4-Apr,Gurgaon,Before 5G,4,0.45
p3,Elite saver Pack (1 GB/ Day) Valid: 28 Days,4-Apr,Raipur,Before 5G,4,0.4
p3,Elite saver Pack (1 GB/ Day) Valid: 28 Days,6-Jun,Mumbai,After 5G,1,5.95
p3,Elite saver Pack (1 GB/ Day) Valid: 28 Days,6-Jun,Delhi,After 5G,1,3.53
p3,Elite saver Pack (1 GB/ Day) Valid: 28 Days,6-Jun,Kolkata,After 5G,1,2.95
p3,Elite saver Pack (1 GB/ Day) Valid: 28 Days,6-Jun,Bangalore,After 5G,1,3.37
p3,Elite saver Pack (1 GB/ Day) Valid: 28 Days,6-Jun,Chennai,After 5G,1,3.04
p3,Elite saver Pack (1 GB/ Day) Valid: 28 Days,6-Jun,Hyderabad,After 5G,1,2.53
p3,Elite saver Pack (1 GB/ Day) Valid: 28 Days,6-Jun,Pune,After 5G,1,1.71
p3,Elite saver Pack (1 GB/ Day) Valid: 28 Days,6-Jun,Ahmedabad,After 5G,1,1.53
p3,Elite saver Pack (1 GB/ Day) Valid: 28 Days,6-Jun,Jaipur,After 5G,1,1.71
p3,Elite saver Pack (1 GB/ Day) Valid: 28 Days,6-Jun,Lucknow,After 5G,1,0.99
p3,Elite saver Pack (1 GB/ Day) Valid: 28 Days,6-Jun,Patna,After 5G,1,1.24
p3,Elite saver Pack (1 GB/ Day) Valid: 28 Days,6-Jun,Coimbatore,After 5G,1,0.5
p3,Elite saver Pack (1 GB/ Day) Valid: 28 Days,6-Jun,Chandigarh,After 5G,1,0.5
p3,Elite saver Pack (1 GB/ Day) Valid: 28 Days,6-Jun,Gurgaon,After 5G,1,0.45
p3,Elite saver Pack (1 GB/ Day) Valid: 28 Days,6-Jun,Raipur,After 5G,1,0.41
p3,Elite saver Pack (1 GB/ Day) Valid: 28 Days,7-Jul,Mumbai,After 5G,2,5.36
p3,Elite saver Pack (1 GB/ Day) Valid: 28 Days,7-Jul,Delhi,After 5G,2,4.79
p3,Elite saver Pack (1 GB/ Day) Valid: 28 Days,7-Jul,Kolkata,After 5G,2,2.86
p3,Elite saver Pack (1 GB/ Day) Valid: 28 Days,7-Jul,Bangalore,After 5G,2,3.91
p3,Elite saver Pack (1 GB/ Day) Valid: 28 Days,7-Jul,Chennai,After 5G,2,3.98
p3,Elite saver Pack (1 GB/ Day) Valid: 28 Days,7-Jul,Hyderabad,After 5G,2,3.12
p3,Elite saver Pack (1 GB/ Day) Valid: 28 Days,7-Jul,Pune,After 5G,2,2.14
p3,Elite saver Pack (1 GB/ Day) Valid: 28 Days,7-Jul,Ahmedabad,After 5G,2,1.59
p3,Elite saver Pack (1 GB/ Day) Valid: 28 Days,7-Jul,Jaipur,After 5G,2,1.05
p3,Elite saver Pack (1 GB/ Day) Valid: 28 Days,7-Jul,Lucknow,After 5G,2,1.64
p3,Elite saver Pack (1 GB/ Day) Valid: 28 Days,7-Jul,Patna,After 5G,2,0.8
p3,Elite saver Pack (1 GB/ Day) Valid: 28 Days,7-Jul,Coimbatore,After 5G,2,1.07
p3,Elite saver Pack (1 GB/ Day) Valid: 28 Days,7-Jul,Chandigarh,After 5G,2,0.53
p3,Elite saver Pack (1 GB/ Day) Valid: 28 Days,7-Jul,Gurgaon,After 5G,2,0.85
p3,Elite saver Pack (1 GB/ Day) Valid: 28 Days,7-Jul,Raipur,After 5G,2,0.38
p3,Elite saver Pack (1 GB/ Day) Valid: 28 Days,8-Aug,Mumbai,After 5G,3,4.25
p3,Elite saver Pack (1 GB/ Day) Valid: 28 Days,8-Aug,Delhi,After 5G,3,3.37
p3,Elite saver Pack (1 GB/ Day) Valid: 28 Days,8-Aug,Kolkata,After 5G,3,6.55
p3,Elite saver Pack (1 GB/ Day) Valid: 28 Days,8-Aug,Bangalore,After 5G,3,3.5
p3,Elite saver Pack (1 GB/ Day) Valid: 28 Days,8-Aug,Chennai,After 5G,3,2.42
p3,Elite saver Pack (1 GB/ Day) Valid: 28 Days,8-Aug,Hyderabad,After 5G,3,2.54
p3,Elite saver Pack (1 GB/ Day) Valid: 28 Days,8-Aug,Pune,After 5G,3,2.15
p3,Elite saver Pack (1 GB/ Day) Valid: 28 Days,8-Aug,Ahmedabad,After 5G,3,1.99
p3,Elite saver Pack (1 GB/ Day) Valid: 28 Days,8-Aug,Jaipur,After 5G,3,1.52
p3,Elite saver Pack (1 GB/ Day) Valid: 28 Days,8-Aug,Lucknow,After 5G,3,1.39
p3,Elite saver Pack (1 GB/ Day) Valid: 28 Days,8-Aug,Patna,After 5G,3,0.94
p3,Elite saver Pack (1 GB/ Day) Valid: 28 Days,8-Aug,Coimbatore,After 5G,3,1.49
p3,Elite saver Pack (1 GB/ Day) Valid: 28 Days,8-Aug,Chandigarh,After 5G,3,0.49
p3,Elite saver Pack (1 GB/ Day) Valid: 28 Days,8-Aug,Gurgaon,After 5G,3,0.55
p3,Elite saver Pack (1 GB/ Day) Valid: 28 Days,8-Aug,Raipur,After 5G,3,0.33
p3,Elite saver Pack (1 GB/ Day) Valid: 28 Days,9-Sep,Mumbai,After 5G,4,4.75
p3,Elite saver Pack (1 GB/ Day) Valid: 28 Days,9-Sep,Delhi,After 5G,4,4.66
p3,Elite saver Pack (1 GB/ Day) Valid: 28 Days,9-Sep,Kolkata,After 5G,4,3.98
p3,Elite saver Pack (1 GB/ Day) Valid: 28 Days,9-Sep,Bangalore,After 5G,4,2.96
p3,Elite saver Pack (1 GB/ Day) Valid: 28 Days,9-Sep,Chennai,After 5G,4,2.04
p3,Elite saver Pack (1 GB/ Day) Valid: 28 Days,9-Sep,Hyderabad,After 5G,4,1.87
p3,Elite saver Pack (1 GB/ Day) Valid: 28 Days,9-Sep,Pune,After 5G,4,3.62
p3,Elite saver Pack (1 GB/ Day) Valid: 28 Days,9-Sep,Ahmedabad,After 5G,4,2.0
p3,Elite saver Pack (1 GB/ Day) Valid: 28 Days,9-Sep,Jaipur,After 5G,4,1.35
p3,Elite saver Pack (1 GB/ Day) Valid: 28 Days,9-Sep,Lucknow,After 5G,4,1.09
p3,Elite saver Pack (1 GB/ Day) Valid: 28 Days,9-Sep,Patna,After 5G,4,1.07
p3,Elite saver Pack (1 GB/ Day) Valid: 28 Days,9-Sep,Coimbatore,After 5G,4,0.64
p3,Elite saver Pack (1 GB/ Day) Valid: 28 Days,9-Sep,Chandigarh,After 5G,4,0.81
p3,Elite saver Pack (1 GB/ Day) Valid: 28 Days,9-Sep,Gurgaon,After 5G,4,0.45
p3,Elite saver Pack (1 GB/ Day) Valid: 28 Days,9-Sep,Raipur,After 5G,4,0.36
p4,Mini Data Saver Pack (500 MB/ Day) Valid: 20 Days,1-Jan,Mumbai,Before 5G,1,3.48
p4,Mini Data Saver Pack (500 MB/ Day) Valid: 20 Days,1-Jan,Delhi,Before 5G,1,3.29
p4,Mini Data Saver Pack (500 MB/ Day) Valid: 20 Days,1-Jan,Kolkata,Before 5G,1,3.32
p4,Mini Data Saver Pack (500 MB/ Day) Valid: 20 Days,1-Jan,Bangalore,Before 5G,1,2.88
p4,Mini Data Saver Pack (500 MB/ Day) Valid: 20 Days,1-Jan,Chennai,Before 5G,1,2.04
p4,Mini Data Saver Pack (500 MB/ Day) Valid: 20 Days,1-Jan,Hyderabad,Before 5G,1,1.67
p4,Mini Data Saver Pack (500 MB/ Day) Valid: 20 Days,1-Jan,Pune,Before 5G,1,1.54
p4,Mini Data Saver Pack (500 MB/ Day) Valid: 20 Days,1-Jan,Ahmedabad,Before 5G,1,1.37
p4,Mini Data Saver Pack (500 MB/ Day) Valid: 20 Days,1-Jan,Jaipur,Before 5G,1,1.3
p4,Mini Data Saver Pack (500 MB/ Day) Valid: 20 Days,1-Jan,Lucknow,Before 5G,1,0.8
p4,Mini Data Saver Pack (500 MB/ Day) Valid: 20 Days,1-Jan,Patna,Before 5G,1,1.11
p4,Mini Data Saver Pack (500 MB/ Day) Valid: 20 Days,1-Jan,Coimbatore,Before 5G,1,0.45
p4,Mini Data Saver Pack (500 MB/ Day) Valid: 20 Days,1-Jan,Chandigarh,Before 5G,1,0.39
p4,Mini Data Saver Pack (500 MB/ Day) Valid: 20 Days,1-Jan,Gurgaon,Before 5G,1,0.36
p4,Mini Data Saver Pack (500 MB/ Day) Valid: 20 Days,1-Jan,Raipur,Before 5G,1,0.29
p4,Mini Data Saver Pack (500 MB/ Day) Valid: 20 Days,2-Feb,Mumbai,Before 5G,2,4.03
p4,Mini Data Saver Pack (500 MB/ Day) Valid: 20 Days,2-Feb,Delhi,Before 5G,2,2.96
p4,Mini Data Saver Pack (500 MB/ Day) Valid: 20 Days,2-Feb,Kolkata,Before 5G,2,2.91
p4,Mini Data Saver Pack (500 MB/ Day) Valid: 20 Days,2-Feb,Bangalore,Before 5G,2,3.18
p4,Mini Data Saver Pack (500 MB/ Day) Valid: 20 Days,2-Feb,Chennai,Before 5G,2,4.04
p4,Mini Data Saver Pack (500 MB/ Day) Valid: 20 Days,2-Feb,Hyderabad,Before 5G,2,2.2
p4,Mini Data Saver Pack (500 MB/ Day) Valid: 20 Days,2-Feb,Pune,Before 5G,2,1.97
p4,Mini Data Saver Pack (500 MB/ Day) Valid: 20 Days,2-Feb,Ahmedabad,Before 5G,2,1.08
p4,Mini Data Saver Pack (500 MB/ Day) Valid: 20 Days,2-Feb,Jaipur,Before 5G,2,0.91
p4,Mini Data Saver Pack (500 MB/ Day) Valid: 20 Days,2-Feb,Lucknow,Before 5G,2,1.96
p4,Mini Data Saver Pack (500 MB/ Day) Valid: 20 Days,2-Feb,Patna,Before 5G,2,0.68
p4,Mini Data Saver Pack (500 MB/ Day) Valid: 20 Days,2-Feb,Coimbatore,Before 5G,2,0.85
p4,Mini Data Saver Pack (500 MB/ Day) Valid: 20 Days,2-Feb,Chandigarh,Before 5G,2,0.36
p4,Mini Data Saver Pack (500 MB/ Day) Valid: 20 Days,2-Feb,Gurgaon,Before 5G,2,0.61
p4,Mini Data Saver Pack (500 MB/ Day) Valid: 20 Days,2-Feb,Raipur,Before 5G,2,0.27
p4,Mini Data Saver Pack (500 MB/ Day) Valid: 20 Days,3-Mar,Mumbai,Before 5G,3,3.47
p4,Mini Data Saver Pack (500 MB/ Day) Valid: 20 Days,3-Mar,Delhi,Before 5G,3,3.41
p4,Mini Data Saver Pack (500 MB/ Day) Valid: 20 Days,3-Mar,Kolkata,Before 5G,3,4.21
p4,Mini Data Saver Pack (500 MB/ Day) Valid: 20 Days,3-Mar,Bangalore,Before 5G,3,2.95
p4,Mini Data Saver Pack (500 MB/ Day) Valid: 20 Days,3-Mar,Chennai,Before 5G,3,1.76
p4,Mini Data Saver Pack (500 MB/ Day) Valid: 20 Days,3-Mar,Hyderabad,Before 5G,3,2.31
p4,Mini Data Saver Pack (500 MB/ Day) Valid: 20 Days,3-Mar,Pune,Before 5G,3,2.09
p4,Mini Data Saver Pack (500 MB/ Day) Valid: 20 Days,3-Mar,Ahmedabad,Before 5G,3,2.12
p4,Mini Data Saver Pack (500 MB/ Day) Valid: 20 Days,3-Mar,Jaipur,Before 5G,3,0.94
p4,Mini Data Saver Pack (500 MB/ Day) Valid: 20 Days,3-Mar,Lucknow,Before 5G,3,1.13
p4,Mini Data Saver Pack (500 MB/ Day) Valid: 20 Days,3-Mar,Patna,Before 5G,3,0.66
p4,Mini Data Saver Pack (500 MB/ Day) Valid: 20 Days,3-Mar,Coimbatore,Before 5G,3,1.13
p4,Mini Data Saver Pack (500 MB/ Day) Valid: 20 Days,3-Mar,Chandigarh,Before 5G,3,0.68
p4,Mini Data Saver Pack (500 MB/ Day) Valid: 20 Days,3-Mar,Gurgaon,Before 5G,3,0.32
p4,Mini Data Saver Pack (500 MB/ Day) Valid: 20 Days,3-Mar,Raipur,Before 5G,3,0.23
p4,Mini Data Saver Pack (500 MB/ Day) Valid: 20 Days,4-Apr,Mumbai,Before 5G,4,3.9
p4,Mini Data Saver Pack (500 MB/ Day) Valid: 20 Days,4-Apr,Delhi,Before 5G,4,3.15
p4,Mini Data Saver Pack (500 MB/ Day) Valid: 20 Days,4-Apr,Kolkata,Before 5G,4,3.2
p4,Mini Data Saver Pack (500 MB/ Day) Valid: 20 Days,4-Apr,Bangalore,Before 5G,4,3.62
p4,Mini Data Saver Pack (500 MB/ Day) Valid: 20 Days,4-Apr,Chennai,Before 5G,4,2.45
p4,Mini Data Saver Pack (500 MB/ Day) Valid: 20 Days,4-Apr,Hyderabad,Before 5G,4,1.74
p4,Mini Data Saver Pack (500 MB/ Day) Valid: 20 Days,4-Apr,Pune,Before 5G,4,3.25
p4,Mini Data Saver Pack (500 MB/ Day) Valid: 20 Days,4-Apr,Ahmedabad,Before 5G,4,1.86
p4,Mini Data Saver Pack (500 MB/ Day) Valid: 20 Days,4-Apr,Jaipur,Before 5G,4,0.89
p4,Mini Data Saver Pack (500 MB/ Day) Valid: 20 Days,4-Apr,Lucknow,Before 5G,4,0.89
p4,Mini Data Saver Pack (500 MB/ Day) Valid: 20 Days,4-Apr,Patna,Before 5G,4,0.86
p4,Mini Data Saver Pack (500 MB/ Day) Valid: 20 Days,4-Apr,Coimbatore,Before 5G,4,0.7
p4,Mini Data Saver Pack (500 MB/ Day) Valid: 20 Days,4-Apr,Chandigarh,Before 5G,4,0.72
p4,Mini Data Saver Pack (500 MB/ Day) Valid: 20 Days,4-Apr,Gurgaon,Before 5G,4,0.34
p4,Mini Data Saver Pack (500 MB/ Day) Valid: 20 Days,4-Apr,Raipur,Before 5G,4,0.26
p4,Mini Data Saver Pack (500 MB/ Day) Valid: 20 Days,6-Jun,Mumbai,After 5G,1,3.36
p4,Mini Data Saver Pack (500 MB/ Day) Valid: 20 Days,6-Jun,Delhi,After 5G,1,2.21
p4,Mini Data Saver Pack (500 MB/ Day) Valid: 20 Days,6-Jun,Kolkata,After 5G,1,2.15
p4,Mini Data Saver Pack (500 MB/ Day) Valid: 20 Days,6-Jun,Bangalore,After 5G,1,2.41
p4,Mini Data Saver Pack (500 MB/ Day) Valid: 20 Days,6-Jun,Chennai,After 5G,1,1.72
p4,Mini Data Saver Pack (500 MB/ Day) Valid: 20 Days,6-Jun,Hyderabad,After 5G,1,1.32
p4,Mini Data Saver Pack (500 MB/ Day) Valid: 20 Days,6-Jun,Pune,After 5G,1,1.44
p4,Mini Data Saver Pack (500 MB/ Day) Valid: 20 Days,6-Jun,Ahmedabad,After 5G,1,1.29
p4,Mini Data Saver Pack (500 MB/ Day) Valid: 20 Days,6-Jun,Jaipur,After 5G,1,1.14
p4,Mini Data Saver Pack (500 MB/ Day) Valid: 20 Days,6-Jun,Lucknow,After 5G,1,0.62
p4,Mini Data Saver Pack (500 MB/ Day) Valid: 20 Days,6-Jun,Patna,After 5G,1,1.05
p4,Mini Data Saver Pack (500 MB/ Day) Valid: 20 Days,6-Jun,Coimbatore,After 5G,1,0.36
p4,Mini Data Saver Pack (500 MB/ Day) Valid: 20 Days,6-Jun,Chandigarh,After 5G,1,0.32
p4,Mini Data Saver Pack (500 MB/ Day) Valid: 20 Days,6-Jun,Gurgaon,After 5G,1,0.3
p4,Mini Data Saver Pack (500 MB/ Day) Valid: 20 Days,6-Jun,Raipur,After 5G,1,0.26
p4,Mini Data Saver Pack (500 MB/ Day) Valid: 20 Days,7-Jul,Mumbai,After 5G,2,2.68
p4,Mini Data Saver Pack (500 MB/ Day) Valid: 20 Days,7-Jul,Delhi,After 5G,2,3.33
p4,Mini Data Saver Pack (500 MB/ Day) Valid: 20 Days,7-Jul,Kolkata,After 5G,2,2.32
p4,Mini Data Saver Pack (500 MB/ Day) Valid: 20 Days,7-Jul,Bangalore,After 5G,2,2.6
p4,Mini Data Saver Pack (500 MB/ Day) Valid: 20 Days,7-Jul,Chennai,After 5G,2,3.1
p4,Mini Data Saver Pack (500 MB/ Day) Valid: 20 Days,7-Jul,Hyderabad,After 5G,2,2.03
p4,Mini Data Saver Pack (500 MB/ Day) Valid: 20 Days,7-Jul,Pune,After 5G,2,1.53
p4,Mini Data Saver Pack (500 MB/ Day) Valid: 20 Days,7-Jul,Ahmedabad,After 5G,2,1.27
p4,Mini Data Saver Pack (500 MB/ Day) Valid: 20 Days,7-Jul,Jaipur,After 5G,2,0.94
p4,Mini Data Saver Pack (500 MB/ Day) Valid: 20 Days,7-Jul,Lucknow,After 5G,2,1.46
p4,Mini Data Saver Pack (500 MB/ Day) Valid: 20 Days,7-Jul,Patna,After 5G,2,0.6
p4,Mini Data Saver Pack (500 MB/ Day) Valid: 20 Days,7-Jul,Coimbatore,After 5G,2,0.7
p4,Mini Data Saver Pack (500 MB/ Day) Valid: 20 Days,7-Jul,Chandigarh,After 5G,2,0.34
p4,Mini Data Saver Pack (500 MB/ Day) Valid: 20 Days,7-Jul,Gurgaon,After 5G,2,0.55
p4,Mini Data Saver Pack (500 MB/ Day) Valid: 20 Days,7-Jul,Raipur,After 5G,2,0.22
p4,Mini Data Saver Pack (500 MB/ Day) Valid: 20 Days,8-Aug,Mumbai,After 5G,3,3.44
p4,Mini Data Saver Pack (500 MB/ Day) Valid: 20 Days,8-Aug,Delhi,After 5G,3,2.81
p4,Mini Data Saver Pack (500 MB/ Day) Valid: 20 Days,8-Aug,Kolkata,After 5G,3,3.28
p4,Mini Data Saver Pack (500 MB/ Day) Valid: 20 Days,8-Aug,Bangalore,After 5G,3,2.83
p4,Mini Data Saver Pack (500 MB/ Day) Valid: 20 Days,8-Aug,Chennai,After 5G,3,1.45
p4,Mini Data Saver Pack (500 MB/ Day) Valid: 20 Days,8-Aug,Hyderabad,After 5G,3,1.66
p4,Mini Data Saver Pack (500 MB/ Day) Valid: 20 Days,8-Aug,Pune,After 5G,3,1.47
p4,Mini Data Saver Pack (500 MB/ Day) Valid: 20 Days,8-Aug,Ahmedabad,After 5G,3,1.77
p4,Mini Data Saver Pack (500 MB/ Day) Valid: 20 Days,8-Aug,Jaipur,After 5G,3,0.86
p4,Mini Data Saver Pack (500 MB/ Day) Valid: 20 Days,8-Aug,Lucknow,After 5G,3,0.85
p4,Mini Data Saver Pack (500 MB/ Day) Valid: 20 Days,8-Aug,Patna,After 5G,3,0.73
p4,Mini Data Saver Pack (500 MB/ Day) Valid: 20 Days,8-Aug,Coimbatore,After 5G,3,0.81
p4,Mini Data Saver Pack (500 MB/ Day) Valid: 20 Days,8-Aug,Chandigarh,After 5G,3,0.44
p4,Mini Data Saver Pack (500 MB/ Day) Valid: 20 Days,8-Aug,Gurgaon,After 5G,3,0.28
p4,Mini Data Saver Pack (500 MB/ Day) Valid: 20 Days,8-Aug,Raipur,After 5G,3,0.21
p4,Mini Data Saver Pack (500 MB/ Day) Valid: 20 Days,9-Sep,Mumbai,After 5G,4,3.09
p4,Mini Data Saver Pack (500 MB/ Day) Valid: 20 Days,9-Sep,Delhi,After 5G,4,2.84
p4,Mini Data Saver Pack (500 MB/ Day) Valid: 20 Days,9-Sep,Kolkata,After 5G,4,2.25
p4,Mini Data Saver Pack (500 MB/ Day) Valid: 20 Days,9-Sep,Bangalore,After 5G,4,2.37
p4,Mini Data Saver Pack (500 MB/ Day) Valid: 20 Days,9-Sep,Chennai,After 5G,4,1.7
p4,Mini Data Saver Pack (500 MB/ Day) Valid: 20 Days,9-Sep,Hyderabad,After 5G,4,1.31
p4,Mini Data Saver Pack (500 MB/ Day) Valid: 20 Days,9-Sep,Pune,After 5G,4,2.35
p4,Mini Data Saver Pack (500 MB/ Day) Valid: 20 Days,9-Sep,Ahmedabad,After 5G,4,1.3
p4,Mini Data Saver Pack (500 MB/ Day) Valid: 20 Days,9-Sep,Jaipur,After 5G,4,0.9
p4,Mini Data Saver Pack (500 MB/ Day) Valid: 20 Days,9-Sep,Lucknow,After 5G,4,0.74
p4,Mini Data Saver Pack (500 MB/ Day) Valid: 20 Days,9-Sep,Patna,After 5G,4,0.68
p4,Mini Data Saver Pack (500 MB/ Day) Valid: 20 Days,9-Sep,Coimbatore,After 5G,4,0.57
p4,Mini Data Saver Pack (500 MB/ Day) Valid: 20 Days,9-Sep,Chandigarh,After 5G,4,0.5
p4,Mini Data Saver Pack (500 MB/ Day) Valid: 20 Days,9-Sep,Gurgaon,After 5G,4,0.33
p4,Mini Data Saver Pack (500 MB/ Day) Valid: 20 Days,9-Sep,Raipur,After 5G,4,0.24
p5,Rs. 99 Full Talktime Combo Pack,1-Jan,Mumbai,Before 5G,1,3.13
p5,Rs. 99 Full Talktime Combo Pack,1-Jan,Delhi,Before 5G,1,2.86
p5,Rs. 99 Full Talktime Combo Pack,1-Jan,Kolkata,Before 5G,1,2.77
p5,Rs. 99 Full Talktime Combo Pack,1-Jan,Bangalore,Before 5G,1,2.13
p5,Rs. 99 Full Talktime Combo Pack,1-Jan,Chennai,Before 5G,1,1.85
p5,Rs. 99 Full Talktime Combo Pack,1-Jan,Hyderabad,Before 5G,1,1.59
p5,Rs. 99 Full Talktime Combo Pack,1-Jan,Pune,Before 5G,1,1.32
p5,Rs. 99 Full Talktime Combo Pack,1-Jan,Ahmedabad,Before 5G,1,1.37
p5,Rs. 99 Full Talktime Combo Pack,1-Jan,Jaipur,Before 5G,1,1.3
p5,Rs. 99 Full Talktime Combo Pack,1-Jan,Lucknow,Before 5G,1,0.8
p5,Rs. 99 Full Talktime Combo Pack,1-Jan,Patna,Before 5G,1,1.0
p5,Rs. 99 Full Talktime Combo Pack,1-Jan,Coimbatore,Before 5G,1,0.45
p5,Rs. 99 Full Talktime Combo Pack,1-Jan,Chandigarh,Before 5G,1,0.41
p5,Rs. 99 Full Talktime Combo Pack,1-Jan,Gurgaon,Before 5G,1,0.31
p5,Rs. 99 Full Talktime Combo Pack,1-Jan,Raipur,Before 5G,1,0.26
p5,Rs. 99 Full Talktime Combo Pack,2-Feb,Mumbai,Before 5G,2,4.03
p5,Rs. 99 Full Talktime Combo Pack,2-Feb,Delhi,Before 5G,2,2.8
p5,Rs. 99 Full Talktime Combo Pack,2-Feb,Kolkata,Before 5G,2,3.06
p5,Rs. 99 Full Talktime Combo Pack,2-Feb,Bangalore,Before 5G,2,3.35
p5,Rs. 99 Full Talktime Combo Pack,2-Feb,Chennai,Before 5G,2,4.47
p5,Rs. 99 Full Talktime Combo Pack,2-Feb,Hyderabad,Before 5G,2,2.31
p5,Rs. 99 Full Talktime Combo Pack,2-Feb,Pune,Before 5G,2,1.97
p5,Rs. 99 Full Talktime Combo Pack,2-Feb,Ahmedabad,Before 5G,2,1.26
p5,Rs. 99 Full Talktime Combo Pack,2-Feb,Jaipur,Before 5G,2,0.86
p5,Rs. 99 Full Talktime Combo Pack,2-Feb,Lucknow,Before 5G,2,1.86
p5,Rs. 99 Full Talktime Combo Pack,2-Feb,Patna,Before 5G,2,0.76
p5,Rs. 99 Full Talktime Combo Pack,2-Feb,Coimbatore,Before 5G,2,0.66
p5,Rs. 99 Full Talktime Combo Pack,2-Feb,Chandigarh,Before 5G,2,0.34
p5,Rs. 99 Full Talktime Combo Pack,2-Feb,Gurgaon,Before 5G,2,0.5
p5,Rs. 99 Full Talktime Combo Pack,2-Feb,Raipur,Before 5G,2,0.3
p5,Rs. 99 Full Talktime Combo Pack,3-Mar,Mumbai,Before 5G,3,3.29
p5,Rs. 99 Full Talktime Combo Pack,3-Mar,Delhi,Before 5G,3,3.25
p5,Rs. 99 Full Talktime Combo Pack,3-Mar,Kolkata,Before 5G,3,4.21
p5,Rs. 99 Full Talktime Combo Pack,3-Mar,Bangalore,Before 5G,3,2.8
p5,Rs. 99 Full Talktime Combo Pack,3-Mar,Chennai,Before 5G,3,1.67
p5,Rs. 99 Full Talktime Combo Pack,3-Mar,Hyderabad,Before 5G,3,1.83
p5,Rs. 99 Full Talktime Combo Pack,3-Mar,Pune,Before 5G,3,2.2
p5,Rs. 99 Full Talktime Combo Pack,3-Mar,Ahmedabad,Before 5G,3,1.64
p5,Rs. 99 Full Talktime Combo Pack,3-Mar,Jaipur,Before 5G,3,1.05
p5,Rs. 99 Full Talktime Combo Pack,3-Mar,Lucknow,Before 5G,3,0.85
p5,Rs. 99 Full Talktime Combo Pack,3-Mar,Patna,Before 5G,3,0.62
p5,Rs. 99 Full Talktime Combo Pack,3-Mar,Coimbatore,Before 5G,3,1.25
p5,Rs. 99 Full Talktime Combo Pack,3-Mar,Chandigarh,Before 5G,3,0.57
p5,Rs. 99 Full Talktime Combo Pack,3-Mar,Gurgaon,Before 5G,3,0.36
p5,Rs. 99 Full Talktime Combo Pack,3-Mar,Raipur,Before 5G,3,0.24
p5,Rs. 99 Full Talktime Combo Pack,4-Apr,Mumbai,Before 5G,4,3.22
p5,Rs. 99 Full Talktime Combo Pack,4-Apr,Delhi,Before 5G,4,2.6
p5,Rs. 99 Full Talktime Combo Pack,4-Apr,Kolkata,Before 5G,4,2.76
p5,Rs. 99 Full Talktime Combo Pack,4-Apr,Bangalore,Before 5G,4,3.02
p5,Rs. 99 Full Talktime Combo Pack,4-Apr,Chennai,Before 5G,4,2.33
p5,Rs. 99 Full Talktime Combo Pack,4-Apr,Hyderabad,Before 5G,4,1.35
p5,Rs. 99 Full Talktime Combo Pack,4-Apr,Pune,Before 5G,4,3.41
p5,Rs. 99 Full Talktime Combo Pack,4-Apr,Ahmedabad,Before 5G,4,1.59
p5,Rs. 99 Full Talktime Combo Pack,4-Apr,Jaipur,Before 5G,4,0.84
p5,Rs. 99 Full Talktime Combo Pack,4-Apr,Lucknow,Before 5G,4,0.85
p5,Rs. 99 Full Talktime Combo Pack,4-Apr,Patna,Before 5G,4,0.78
p5,Rs. 99 Full Talktime Combo Pack,4-Apr,Coimbatore,Before 5G,4,0.57
p5,Rs. 99 Full Talktime Combo Pack,4-Apr,Chandigarh,Before 5G,4,0.65
p5,Rs. 99 Full Talktime Combo Pack,4-Apr,Gurgaon,Before 5G,4,0.34
p5,Rs. 99 Full Talktime Combo Pack,4-Apr,Raipur,Before 5G,4,0.24
p5,Rs. 99 Full Talktime Combo Pack,6-Jun,Mumbai,After 5G,1,2.85
p5,Rs. 99 Full Talktime Combo Pack,6-Jun,Delhi,After 5G,1,1.62
p5,Rs. 99 Full Talktime Combo Pack,6-Jun,Kolkata,After 5G,1,1.34
p5,Rs. 99 Full Talktime Combo Pack,6-Jun,Bangalore,After 5G,1,1.77
p5,Rs. 99 Full Talktime Combo Pack,6-Jun,Chennai,After 5G,1,1.32
p5,Rs. 99 Full Talktime Combo Pack,6-Jun,Hyderabad,After 5G,1,1.21
p5,Rs. 99 Full Talktime Combo Pack,6-Jun,Pune,After 5G,1,0.81
p5,Rs. 99 Full Talktime Combo Pack,6-Jun,Ahmedabad,After 5G,1,0.81
p5,Rs. 99 Full Talktime Combo Pack,6-Jun,Jaipur,After 5G,1,0.73
p5,Rs. 99 Full Talktime Combo Pack,6-Jun,Lucknow,After 5G,1,0.41
p5,Rs. 99 Full Talktime Combo Pack,6-Jun,Patna,After 5G,1,0.59
p5,Rs. 99 Full Talktime Combo Pack,6-Jun,Coimbatore,After 5G,1,0.33
p5,Rs. 99 Full Talktime Combo Pack,6-Jun,Chandigarh,After 5G,1,0.22
p5,Rs. 99 Full Talktime Combo Pack,6-Jun,Gurgaon,After 5G,1,0.2
p5,Rs. 99 Full Talktime Combo Pack,6-Jun,Raipur,After 5G,1,0.19
p5,Rs. 99 Full Talktime Combo Pack,7-Jul,Mumbai,After 5G,2,2.9
p5,Rs. 99 Full Talktime Combo Pack,7-Jul,Delhi,After 5G,2,2.08
p5,Rs. 99 Full Talktime Combo Pack,7-Jul,Kolkata,After 5G,2,1.5
p5,Rs. 99 Full Talktime Combo Pack,7-Jul,Bangalore,After 5G,2,1.46
p5,Rs. 99 Full Talktime Combo Pack,7-Jul,Chennai,After 5G,2,2.21
p5,Rs. 99 Full Talktime Combo Pack,7-Jul,Hyderabad,After 5G,2,1.63
p5,Rs. 99 Full Talktime Combo Pack,7-Jul,Pune,After 5G,2,1.22
p5,Rs. 99 Full Talktime Combo Pack,7-Jul,Ahmedabad,After 5G,2,0.71
p5,Rs. 99 Full Talktime Combo Pack,7-Jul,Jaipur,After 5G,2,0.66
p5,Rs. 99 Full Talktime Combo Pack,7-Jul,Lucknow,After 5G,2,1.09
p5,Rs. 99 Full Talktime Combo Pack,7-Jul,Patna,After 5G,2,0.44
p5,Rs. 99 Full Talktime Combo Pack,7-Jul,Coimbatore,After 5G,2,0.42
p5,Rs. 99 Full Talktime Combo Pack,7-Jul,Chandigarh,After 5G,2,0.27
p5,Rs. 99 Full Talktime Combo Pack,7-Jul,Gurgaon,After 5G,2,0.4
p5,Rs. 99 Full Talktime Combo Pack,7-Jul,Raipur,After 5G,2,0.21
p5,Rs. 99 Full Talktime Combo Pack,8-Aug,Mumbai,After 5G,3,2.63
p5,Rs. 99 Full Talktime Combo Pack,8-Aug,Delhi,After 5G,3,2.06
p5,Rs. 99 Full Talktime Combo Pack,8-Aug,Kolkata,After 5G,3,2.73
p5,Rs. 99 Full Talktime Combo Pack,8-Aug,Bangalore,After 5G,3,1.83
p5,Rs. 99 Full Talktime Combo Pack,8-Aug,Chennai,After 5G,3,1.33
p5,Rs. 99 Full Talktime Combo Pack,8-Aug,Hyderabad,After 5G,3,1.44
p5,Rs. 99 Full Talktime Combo Pack,8-Aug,Pune,After 5G,3,1.02
p5,Rs. 99 Full Talktime Combo Pack,8-Aug,Ahmedabad,After 5G,3,1.44
p5,Rs. 99 Full Talktime Combo Pack,8-Aug,Jaipur,After 5G,3,0.73
p5,Rs. 99 Full Talktime Combo Pack,8-Aug,Lucknow,After 5G,3,0.73
p5,Rs. 99 Full Talktime Combo Pack,8-Aug,Patna,After 5G,3,0.51
p5,Rs. 99 Full Talktime Combo Pack,8-Aug,Coimbatore,After 5G,3,0.75
p5,Rs. 99 Full Talktime Combo Pack,8-Aug,Chandigarh,After 5G,3,0.27
p5,Rs. 99 Full Talktime Combo Pack,8-Aug,Gurgaon,After 5G,3,0.28
p5,Rs. 99 Full Talktime Combo Pack,8-Aug,Raipur,After 5G,3,0.13
p5,Rs. 99 Full Talktime Combo Pack,9-Sep,Mumbai,After 5G,4,2.61
p5,Rs. 99 Full Talktime Combo Pack,9-Sep,Delhi,After 5G,4,2.03
p5,Rs. 99 Full Talktime Combo Pack,9-Sep,Kolkata,After 5G,4,1.73
p5,Rs. 99 Full Talktime Combo Pack,9-Sep,Bangalore,After 5G,4,1.33
p5,Rs. 99 Full Talktime Combo Pack,9-Sep,Chennai,After 5G,4,1.24
p5,Rs. 99 Full Talktime Combo Pack,9-Sep,Hyderabad,After 5G,4,0.94
p5,Rs. 99 Full Talktime Combo Pack,9-Sep,Pune,After 5G,4,1.63
p5,Rs. 99 Full Talktime Combo Pack,9-Sep,Ahmedabad,After 5G,4,0.87
p5,Rs. 99 Full Talktime Combo Pack,9-Sep,Jaipur,After 5G,4,0.77
p5,Rs. 99 Full Talktime Combo Pack,9-Sep,Lucknow,After 5G,4,0.57
p5,Rs. 99 Full Talktime Combo Pack,9-Sep,Patna,After 5G,4,0.58
p5,Rs. 99 Full Talktime Combo Pack,9-Sep,Coimbatore,After 5G,4,0.43
p5,Rs. 99 Full Talktime Combo Pack,9-Sep,Chandigarh,After 5G,4,0.5
p5,Rs. 99 Full Talktime Combo Pack,9-Sep,Gurgaon,After 5G,4,0.26
p5,Rs. 99 Full Talktime Combo Pack,9-Sep,Raipur,After 5G,4,0.18
p6,Xstream Mobile Data Pack: 15GB Data | 28 days,1-Jan,Mumbai,Before 5G,1,2.26
p6,Xstream Mobile Data Pack: 15GB Data | 28 days,1-Jan,Delhi,Before 5G,1,2.0
p6,Xstream Mobile Data Pack: 15GB Data | 28 days,1-Jan,Kolkata,Before 5G,1,1.94
p6,Xstream Mobile Data Pack: 15GB Data | 28 days,1-Jan,Bangalore,Before 5G,1,1.88
p6,Xstream Mobile Data Pack: 15GB Data | 28 days,1-Jan,Chennai,Before 5G,1,1.56
p6,Xstream Mobile Data Pack: 15GB Data | 28 days,1-Jan,Hyderabad,Before 5G,1,1.34
p6,Xstream Mobile Data Pack: 15GB Data | 28 days,1-Jan,Pune,Before 5G,1,0.95
p6,Xstream Mobile Data Pack: 15GB Data | 28 days,1-Jan,Ahmedabad,Before 5G,1,1.17
p6,Xstream Mobile Data Pack: 15GB Data | 28 days,1-Jan,Jaipur,Before 5G,1,1.03
p6,Xstream Mobile Data Pack: 15GB Data | 28 days,1-Jan,Lucknow,Before 5G,1,0.67
p6,Xstream Mobile Data Pack: 15GB Data | 28 days,1-Jan,Patna,Before 5G,1,0.9
p6,Xstream Mobile Data Pack: 15GB Data | 28 days,1-Jan,Coimbatore,Before 5G,1,0.34
p6,Xstream Mobile Data Pack: 15GB Data | 28 days,1-Jan,Chandigarh,Before 5G,1,0.26
p6,Xstream Mobile Data Pack: 15GB Data | 28 days,1-Jan,Gurgaon,Before 5G,1,0.2
p6,Xstream Mobile Data Pack: 15GB Data | 28 days,1-Jan,Raipur,Before 5G,1,0.19
p6,Xstream Mobile Data Pack: 15GB Data | 28 days,2-Feb,Mumbai,Before 5G,2,2.62
p6,Xstream Mobile Data Pack: 15GB Data | 28 days,2-Feb,Delhi,Before 5G,2,2.14
p6,Xstream Mobile Data Pack: 15GB Data | 28 days,2-Feb,Kolkata,Before 5G,2,1.99
p6,Xstream Mobile Data Pack: 15GB Data | 28 days,2-Feb,Bangalore,Before 5G,2,2.65
p6,Xstream Mobile Data Pack: 15GB Data | 28 days,2-Feb,Chennai,Before 5G,2,2.55
p6,Xstream Mobile Data Pack: 15GB Data | 28 days,2-Feb,Hyderabad,Before 5G,2,1.5
p6,Xstream Mobile Data Pack: 15GB Data | 28 days,2-Feb,Pune,Before 5G,2,1.28
p6,Xstream Mobile Data Pack: 15GB Data | 28 days,2-Feb,Ahmedabad,Before 5G,2,0.9
p6,Xstream Mobile Data Pack: 15GB Data | 28 days,2-Feb,Jaipur,Before 5G,2,0.69
p6,Xstream Mobile Data Pack: 15GB Data | 28 days,2-Feb,Lucknow,Before 5G,2,1.49
p6,Xstream Mobile Data Pack: 15GB Data | 28 days,2-Feb,Patna,Before 5G,2,0.53
p6,Xstream Mobile Data Pack: 15GB Data | 28 days,2-Feb,Coimbatore,Before 5G,2,0.52
p6,Xstream Mobile Data Pack: 15GB Data | 28 days,2-Feb,Chandigarh,Before 5G,2,0.27
p6,Xstream Mobile Data Pack: 15GB Data | 28 days,2-Feb,Gurgaon,Before 5G,2,0.34
p6,Xstream Mobile Data Pack: 15GB Data | 28 days,2-Feb,Raipur,Before 5G,2,0.22
p6,Xstream Mobile Data Pack: 15GB Data | 28 days,3-Mar,Mumbai,Before 5G,3,2.74
p6,Xstream Mobile Data Pack: 15GB Data | 28 days,3-Mar,Delhi,Before 5G,3,1.95
p6,Xstream Mobile Data Pack: 15GB Data | 28 days,3-Mar,Kolkata,Before 5G,3,3.55
p6,Xstream Mobile Data Pack: 15GB Data | 28 days,3-Mar,Bangalore,Before 5G,3,2.02
p6,Xstream Mobile Data Pack: 15GB Data | 28 days,3-Mar,Chennai,Before 5G,3,1.39
p6,Xstream Mobile Data Pack: 15GB Data | 28 days,3-Mar,Hyderabad,Before 5G,3,1.64
p6,Xstream Mobile Data Pack: 15GB Data | 28 days,3-Mar,Pune,Before 5G,3,1.43
p6,Xstream Mobile Data Pack: 15GB Data | 28 days,3-Mar,Ahmedabad,Before 5G,3,1.64
p6,Xstream Mobile Data Pack: 15GB Data | 28 days,3-Mar,Jaipur,Before 5G,3,0.68
p6,Xstream Mobile Data Pack: 15GB Data | 28 days,3-Mar,Lucknow,Before 5G,3,0.8
p6,Xstream Mobile Data Pack: 15GB Data | 28 days,3-Mar,Patna,Before 5G,3,0.37
p6,Xstream Mobile Data Pack: 15GB Data | 28 days,3-Mar,Coimbatore,Before 5G,3,0.77
p6,Xstream Mobile Data Pack: 15GB Data | 28 days,3-Mar,Chandigarh,Before 5G,3,0.43
p6,Xstream Mobile Data Pack: 15GB Data | 28 days,3-Mar,Gurgaon,Before 5G,3,0.25
p6,Xstream Mobile Data Pack: 15GB Data | 28 days,3-Mar,Raipur,Before 5G,3,0.19
p6,Xstream Mobile Data Pack: 15GB Data | 28 days,4-Apr,Mumbai,Before 5G,4,2.72
p6,Xstream Mobile Data Pack: 15GB Data | 28 days,4-Apr,Delhi,Before 5G,4,1.64
p6,Xstream Mobile Data Pack: 15GB Data | 28 days,4-Apr,Kolkata,Before 5G,4,2.33
p6,Xstream Mobile Data Pack: 15GB Data | 28 days,4-Apr,Bangalore,Before 5G,4,2.56
p6,Xstream Mobile Data Pack: 15GB Data | 28 days,4-Apr,Chennai,Before 5G,4,1.84
p6,Xstream Mobile Data Pack: 15GB Data | 28 days,4-Apr,Hyderabad,Before 5G,4,1.03
p6,Xstream Mobile Data Pack: 15GB Data | 28 days,4-Apr,Pune,Before 5G,4,1.95
p6,Xstream Mobile Data Pack: 15GB Data | 28 days,4-Apr,Ahmedabad,Before 5G,4,1.33
p6,Xstream Mobile Data Pack: 15GB Data | 28 days,4-Apr,Jaipur,Before 5G,4,0.7
p6,Xstream Mobile Data Pack: 15GB Data | 28 days,4-Apr,Lucknow,Before 5G,4,0.72
p6,Xstream Mobile Data Pack: 15GB Data | 28 days,4-Apr,Patna,Before 5G,4,0.51
p6,Xstream Mobile Data Pack: 15GB Data | 28 days,4-Apr,Coimbatore,Before 5G,4,0.41
p6,Xstream Mobile Data Pack: 15GB Data | 28 days,4-Apr,Chandigarh,Before 5G,4,0.5
p6,Xstream Mobile Data Pack: 15GB Data | 28 days,4-Apr,Gurgaon,Before 5G,4,0.22
p6,Xstream Mobile Data Pack: 15GB Data | 28 days,4-Apr,Raipur,Before 5G,4,0.22
p6,Xstream Mobile Data Pack: 15GB Data | 28 days,6-Jun,Mumbai,After 5G,1,1.81
p6,Xstream Mobile Data Pack: 15GB Data | 28 days,6-Jun,Delhi,After 5G,1,1.18
p6,Xstream Mobile Data Pack: 15GB Data | 28 days,6-Jun,Kolkata,After 5G,1,1.07
p6,Xstream Mobile Data Pack: 15GB Data | 28 days,6-Jun,Bangalore,After 5G,1,1.29
p6,Xstream Mobile Data Pack: 15GB Data | 28 days,6-Jun,Chennai,After 5G,1,1.06
p6,Xstream Mobile Data Pack: 15GB Data | 28 days,6-Jun,Hyderabad,After 5G,1,0.99
p6,Xstream Mobile Data Pack: 15GB Data | 28 days,6-Jun,Pune,After 5G,1,0.63
p6,Xstream Mobile Data Pack: 15GB Data | 28 days,6-Jun,Ahmedabad,After 5G,1,0.73
p6,Xstream Mobile Data Pack: 15GB Data | 28 days,6-Jun,Jaipur,After 5G,1,0.65
p6,Xstream Mobile Data Pack: 15GB Data | 28 days,6-Jun,Lucknow,After 5G,1,0.29
p6,Xstream Mobile Data Pack: 15GB Data | 28 days,6-Jun,Patna,After 5G,1,0.52
p6,Xstream Mobile Data Pack: 15GB Data | 28 days,6-Jun,Coimbatore,After 5G,1,0.19
p6,Xstream Mobile Data Pack: 15GB Data | 28 days,6-Jun,Chandigarh,After 5G,1,0.2
p6,Xstream Mobile Data Pack: 15GB Data | 28 days,6-Jun,Gurgaon,After 5G,1,0.16
p6,Xstream Mobile Data Pack: 15GB Data | 28 days,6-Jun,Raipur,After 5G,1,0.15
p6,Xstream Mobile Data Pack: 15GB Data | 28 days,7-Jul,Mumbai,After 5G,2,2.23
p6,Xstream Mobile Data Pack: 15GB Data | 28 days,7-Jul,Delhi,After 5G,2,1.46
p6,Xstream Mobile Data Pack: 15GB Data | 28 days,7-Jul,Kolkata,After 5G,2,1.23
p6,Xstream Mobile Data Pack: 15GB Data | 28 days,7-Jul,Bangalore,After 5G,2,1.46
p6,Xstream Mobile Data Pack: 15GB Data | 28 days,7-Jul,Chennai,After 5G,2,1.99
p6,Xstream Mobile Data Pack: 15GB Data | 28 days,7-Jul,Hyderabad,After 5G,2,1.22
p6,Xstream Mobile Data Pack: 15GB Data | 28 days,7-Jul,Pune,After 5G,2,0.81
p6,Xstream Mobile Data Pack: 15GB Data | 28 days,7-Jul,Ahmedabad,After 5G,2,0.56
p6,Xstream Mobile Data Pack: 15GB Data | 28 days,7-Jul,Jaipur,After 5G,2,0.44
p6,Xstream Mobile Data Pack: 15GB Data | 28 days,7-Jul,Lucknow,After 5G,2,0.73
p6,Xstream Mobile Data Pack: 15GB Data | 28 days,7-Jul,Patna,After 5G,2,0.4
p6,Xstream Mobile Data Pack: 15GB Data | 28 days,7-Jul,Coimbatore,After 5G,2,0.33
p6,Xstream Mobile Data Pack: 15GB Data | 28 days,7-Jul,Chandigarh,After 5G,2,0.19
p6,Xstream Mobile Data Pack: 15GB Data | 28 days,7-Jul,Gurgaon,After 5G,2,0.26
p6,Xstream Mobile Data Pack: 15GB Data | 28 days,7-Jul,Raipur,After 5G,2,0.17
p6,Xstream Mobile Data Pack: 15GB Data | 28 days,8-Aug,Mumbai,After 5G,3,1.42
p6,Xstream Mobile Data Pack: 15GB Data | 28 days,8-Aug,Delhi,After 5G,3,1.31
p6,Xstream Mobile Data Pack: 15GB Data | 28 days,8-Aug,Kolkata,After 5G,3,2.18
p6,Xstream Mobile Data Pack: 15GB Data | 28 days,8-Aug,Bangalore,After 5G,3,1.17
p6,Xstream Mobile Data Pack: 15GB Data | 28 days,8-Aug,Chennai,After 5G,3,0.97
p6,Xstream Mobile Data Pack: 15GB Data | 28 days,8-Aug,Hyderabad,After 5G,3,0.99
p6,Xstream Mobile Data Pack: 15GB Data | 28 days,8-Aug,Pune,After 5G,3,1.02
p6,Xstream Mobile Data Pack: 15GB Data | 28 days,8-Aug,Ahmedabad,After 5G,3,0.77
p6,Xstream Mobile Data Pack: 15GB Data | 28 days,8-Aug,Jaipur,After 5G,3,0.66
p6,Xstream Mobile Data Pack: 15GB Data | 28 days,8-Aug,Lucknow,After 5G,3,0.55
p6,Xstream Mobile Data Pack: 15GB Data | 28 days,8-Aug,Patna,After 5G,3,0.34
p6,Xstream Mobile Data Pack: 15GB Data | 28 days,8-Aug,Coimbatore,After 5G,3,0.61
p6,Xstream Mobile Data Pack: 15GB Data | 28 days,8-Aug,Chandigarh,After 5G,3,0.27
p6,Xstream Mobile Data Pack: 15GB Data | 28 days,8-Aug,Gurgaon,After 5G,3,0.16
p6,Xstream Mobile Data Pack: 15GB Data | 28 days,8-Aug,Raipur,After 5G,3,0.13
p6,Xstream Mobile Data Pack: 15GB Data | 28 days,9-Sep,Mumbai,After 5G,4,1.9
p6,Xstream Mobile Data Pack: 15GB Data | 28 days,9-Sep,Delhi,After 5G,4,1.82
p6,Xstream Mobile Data Pack: 15GB Data | 28 days,9-Sep,Kolkata,After 5G,4,1.56
p6,Xstream Mobile Data Pack: 15GB Data | 28 days,9-Sep,Bangalore,After 5G,4,1.18
p6,Xstream Mobile Data Pack: 15GB Data | 28 days,9-Sep,Chennai,After 5G,4,0.79
p6,Xstream Mobile Data Pack: 15GB Data | 28 days,9-Sep,Hyderabad,After 5G,4,0.84
p6,Xstream Mobile Data Pack: 15GB Data | 28 days,9-Sep,Pune,After 5G,4,1.27
p6,Xstream Mobile Data Pack: 15GB Data | 28 days,9-Sep,Ahmedabad,After 5G,4,0.78
p6,Xstream Mobile Data Pack: 15GB Data | 28 days,9-Sep,Jaipur,After 5G,4,0.45
p6,Xstream Mobile Data Pack: 15GB Data | 28 days,9-Sep,Lucknow,After 5G,4,0.51
p6,Xstream Mobile Data Pack: 15GB Data | 28 days,9-Sep,Patna,After 5G,4,0.39
p6,Xstream Mobile Data Pack: 15GB Data | 28 days,9-Sep,Coimbatore,After 5G,4,0.32
p6,Xstream Mobile Data Pack: 15GB Data | 28 days,9-Sep,Chandigarh,After 5G,4,0.35
p6,Xstream Mobile Data Pack: 15GB Data | 28 days,9-Sep,Gurgaon,After 5G,4,0.21
p6,Xstream Mobile Data Pack: 15GB Data | 28 days,9-Sep,Raipur,After 5G,4,0.14
p7,25 GB Combo 3G / 4G Data Pack,1-Jan,Mumbai,Before 5G,1,1.74
p7,25 GB Combo 3G / 4G Data Pack,1-Jan,Delhi,Before 5G,1,1.86
p7,25 GB Combo 3G / 4G Data Pack,1-Jan,Kolkata,Before 5G,1,1.25
p7,25 GB Combo 3G / 4G Data Pack,1-Jan,Bangalore,Before 5G,1,1.5
p7,25 GB Combo 3G / 4G Data Pack,1-Jan,Chennai,Before 5G,1,0.97
p7,25 GB Combo 3G / 4G Data Pack,1-Jan,Hyderabad,Before 5G,1,0.92
p7,25 GB Combo 3G / 4G Data Pack,1-Jan,Pune,Before 5G,1,0.81
p7,25 GB Combo 3G / 4G Data Pack,1-Jan,Ahmedabad,Before 5G,1,0.69
p7,25 GB Combo 3G / 4G Data Pack,1-Jan,Jaipur,Before 5G,1,0.68
p7,25 GB Combo 3G / 4G Data Pack,1-Jan,Lucknow,Before 5G,1,0.51
p7,25 GB Combo 3G / 4G Data Pack,1-Jan,Patna,Before 5G,1,0.48
p7,25 GB Combo 3G / 4G Data Pack,1-Jan,Coimbatore,Before 5G,1,0.28
p7,25 GB Combo 3G / 4G Data Pack,1-Jan,Chandigarh,Before 5G,1,0.24
p7,25 GB Combo 3G / 4G Data Pack,1-Jan,Gurgaon,Before 5G,1,0.19
p7,25 GB Combo 3G / 4G Data Pack,1-Jan,Raipur,Before 5G,1,0.13
p7,25 GB Combo 3G / 4G Data Pack,2-Feb,Mumbai,Before 5G,2,1.81
p7,25 GB Combo 3G / 4G Data Pack,2-Feb,Delhi,Before 5G,2,2.14
p7,25 GB Combo 3G / 4G Data Pack,2-Feb,Kolkata,Before 5G,2,1.68
p7,25 GB Combo 3G / 4G Data Pack,2-Feb,Bangalore,Before 5G,2,1.94
p7,25 GB Combo 3G / 4G Data Pack,2-Feb,Chennai,Before 5G,2,2.34
p7,25 GB Combo 3G / 4G Data Pack,2-Feb,Hyderabad,Before 5G,2,1.16
p7,25 GB Combo 3G / 4G Data Pack,2-Feb,Pune,Before 5G,2,0.89
p7,25 GB Combo 3G / 4G Data Pack,2-Feb,Ahmedabad,Before 5G,2,0.66
p7,25 GB Combo 3G / 4G Data Pack,2-Feb,Jaipur,Before 5G,2,0.52
p7,25 GB Combo 3G / 4G Data Pack,2-Feb,Lucknow,Before 5G,2,1.12
p7,25 GB Combo 3G / 4G Data Pack,2-Feb,Patna,Before 5G,2,0.46
p7,25 GB Combo 3G / 4G Data Pack,2-Feb,Coimbatore,Before 5G,2,0.41
p7,25 GB Combo 3G / 4G Data Pack,2-Feb,Chandigarh,Before 5G,2,0.2
p7,25 GB Combo 3G / 4G Data Pack,2-Feb,Gurgaon,Before 5G,2,0.32
p7,25 GB Combo 3G / 4G Data Pack,2-Feb,Raipur,Before 5G,2,0.17
p7,25 GB Combo 3G / 4G Data Pack,3-Mar,Mumbai,Before 5G,3,2.37
p7,25 GB Combo 3G / 4G Data Pack,3-Mar,Delhi,Before 5G,3,2.11
p7,25 GB Combo 3G / 4G Data Pack,3-Mar,Kolkata,Before 5G,3,2.66
p7,25 GB Combo 3G / 4G Data Pack,3-Mar,Bangalore,Before 5G,3,1.4
p7,25 GB Combo 3G / 4G Data Pack,3-Mar,Chennai,Before 5G,3,0.83
p7,25 GB Combo 3G / 4G Data Pack,3-Mar,Hyderabad,Before 5G,3,1.16
p7,25 GB Combo 3G / 4G Data Pack,3-Mar,Pune,Before 5G,3,1.32
p7,25 GB Combo 3G / 4G Data Pack,3-Mar,Ahmedabad,Before 5G,3,0.87
p7,25 GB Combo 3G / 4G Data Pack,3-Mar,Jaipur,Before 5G,3,0.68
p7,25 GB Combo 3G / 4G Data Pack,3-Mar,Lucknow,Before 5G,3,0.52
p7,25 GB Combo 3G / 4G Data Pack,3-Mar,Patna,Before 5G,3,0.34
p7,25 GB Combo 3G / 4G Data Pack,3-Mar,Coimbatore,Before 5G,3,0.65
p7,25 GB Combo 3G / 4G Data Pack,3-Mar,Chandigarh,Before 5G,3,0.34
p7,25 GB Combo 3G / 4G Data Pack,3-Mar,Gurgaon,Before 5G,3,0.21
p7,25 GB Combo 3G / 4G Data Pack,3-Mar,Raipur,Before 5G,3,0.13
p7,25 GB Combo 3G / 4G Data Pack,4-Apr,Mumbai,Before 5G,4,2.21
p7,25 GB Combo 3G / 4G Data Pack,4-Apr,Delhi,Before 5G,4,1.51
p7,25 GB Combo 3G / 4G Data Pack,4-Apr,Kolkata,Before 5G,4,1.6
p7,25 GB Combo 3G / 4G Data Pack,4-Apr,Bangalore,Before 5G,4,1.51
p7,25 GB Combo 3G / 4G Data Pack,4-Apr,Chennai,Before 5G,4,1.47
p7,25 GB Combo 3G / 4G Data Pack,4-Apr,Hyderabad,Before 5G,4,0.95
p7,25 GB Combo 3G / 4G Data Pack,4-Apr,Pune,Before 5G,4,1.79
p7,25 GB Combo 3G / 4G Data Pack,4-Apr,Ahmedabad,Before 5G,4,0.97
p7,25 GB Combo 3G / 4G Data Pack,4-Apr,Jaipur,Before 5G,4,0.56
p7,25 GB Combo 3G / 4G Data Pack,4-Apr,Lucknow,Before 5G,4,0.54
p7,25 GB Combo 3G / 4G Data Pack,4-Apr,Patna,Before 5G,4,0.35
p7,25 GB Combo 3G / 4G Data Pack,4-Apr,Coimbatore,Before 5G,4,0.35
p7,25 GB Combo 3G / 4G Data Pack,4-Apr,Chandigarh,Before 5G,4,0.47
p7,25 GB Combo 3G / 4G Data Pack,4-Apr,Gurgaon,Before 5G,4,0.17
p7,25 GB Combo 3G / 4G Data Pack,4-Apr,Raipur,Before 5G,4,0.13
p7,25 GB Combo 3G / 4G Data Pack,6-Jun,Mumbai,After 5G,1,0.26
p7,25 GB Combo 3G / 4G Data Pack,6-Jun,Delhi,After 5G,1,0.44
p7,25 GB Combo 3G / 4G Data Pack,6-Jun,Kolkata,After 5G,1,0.4
p7,25 GB Combo 3G / 4G Data Pack,6-Jun,Bangalore,After 5G,1,0.64
p7,25 GB Combo 3G / 4G Data Pack,6-Jun,Chennai,After 5G,1,0.4
p7,25 GB Combo 3G / 4G Data Pack,6-Jun,Hyderabad,After 5G,1,0.22
p7,25 GB Combo 3G / 4G Data Pack,6-Jun,Pune,After 5G,1,0.18
p7,25 GB Combo 3G / 4G Data Pack,6-Jun,Ahmedabad,After 5G,1,0.16
p7,25 GB Combo 3G / 4G Data Pack,6-Jun,Jaipur,After 5G,1,0.24
p7,25 GB Combo 3G / 4G Data Pack,6-Jun,Lucknow,After 5G,1,0.12
p7,25 GB Combo 3G / 4G Data Pack,6-Jun,Patna,After 5G,1,0.07
p7,25 GB Combo 3G / 4G Data Pack,6-Jun,Coimbatore,After 5G,1,0.06
p7,25 GB Combo 3G / 4G Data Pack,6-Jun,Chandigarh,After 5G,1,0.07
p7,25 GB Combo 3G / 4G Data Pack,6-Jun,Gurgaon,After 5G,1,0.02
p7,25 GB Combo 3G / 4G Data Pack,6-Jun,Raipur,After 5G,1,0.04
p7,25 GB Combo 3G / 4G Data Pack,7-Jul,Mumbai,After 5G,2,0.45
p7,25 GB Combo 3G / 4G Data Pack,7-Jul,Delhi,After 5G,2,0.42
p7,25 GB Combo 3G / 4G Data Pack,7-Jul,Kolkata,After 5G,2,0.27
p7,25 GB Combo 3G / 4G Data Pack,7-Jul,Bangalore,After 5G,2,0.49
p7,25 GB Combo 3G / 4G Data Pack,7-Jul,Chennai,After 5G,2,0.44
p7,25 GB Combo 3G / 4G Data Pack,7-Jul,Hyderabad,After 5G,2,0.27
p7,25 GB Combo 3G / 4G Data Pack,7-Jul,Pune,After 5G,2,0.2
p7,25 GB Combo 3G / 4G Data Pack,7-Jul,Ahmedabad,After 5G,2,0.32
p7,25 GB Combo 3G / 4G Data Pack,7-Jul,Jaipur,After 5G,2,0.11
p7,25 GB Combo 3G / 4G Data Pack,7-Jul,Lucknow,After 5G,2,0.09
p7,25 GB Combo 3G / 4G Data Pack,7-Jul,Patna,After 5G,2,0.08
p7,25 GB Combo 3G / 4G Data Pack,7-Jul,Coimbatore,After 5G,2,0.14
p7,25 GB Combo 3G / 4G Data Pack,7-Jul,Chandigarh,After 5G,2,0.05
p7,25 GB Combo 3G / 4G Data Pack,7-Jul,Gurgaon,After 5G,2,0.07
p7,25 GB Combo 3G / 4G Data Pack,7-Jul,Raipur,After 5G,2,0.05
p7,25 GB Combo 3G / 4G Data Pack,8-Aug,Mumbai,After 5G,3,0.61
p7,25 GB Combo 3G / 4G Data Pack,8-Aug,Delhi,After 5G,3,0.75
p7,25 GB Combo 3G / 4G Data Pack,8-Aug,Kolkata,After 5G,3,0.55
p7,25 GB Combo 3G / 4G Data Pack,8-Aug,Bangalore,After 5G,3,0.67
p7,25 GB Combo 3G / 4G Data Pack,8-Aug,Chennai,After 5G,3,0.36
p7,25 GB Combo 3G / 4G Data Pack,8-Aug,Hyderabad,After 5G,3,0.44
p7,25 GB Combo 3G / 4G Data Pack,8-Aug,Pune,After 5G,3,0.11
p7,25 GB Combo 3G / 4G Data Pack,8-Aug,Ahmedabad,After 5G,3,0.22
p7,25 GB Combo 3G / 4G Data Pack,8-Aug,Jaipur,After 5G,3,0.07
p7,25 GB Combo 3G / 4G Data Pack,8-Aug,Lucknow,After 5G,3,0.18
p7,25 GB Combo 3G / 4G Data Pack,8-Aug,Patna,After 5G,3,0.13
p7,25 GB Combo 3G / 4G Data Pack,8-Aug,Coimbatore,After 5G,3,0.2
p7,25 GB Combo 3G / 4G Data Pack,8-Aug,Chandigarh,After 5G,3,0.08
p7,25 GB Combo 3G / 4G Data Pack,8-Aug,Gurgaon,After 5G,3,0.07
p7,25 GB Combo 3G / 4G Data Pack,8-Aug,Raipur,After 5G,3,0.03
p7,25 GB Combo 3G / 4G Data Pack,9-Sep,Mumbai,After 5G,4,0.47
p7,25 GB Combo 3G / 4G Data Pack,9-Sep,Delhi,After 5G,4,0.41
p7,25 GB Combo 3G / 4G Data Pack,9-Sep,Kolkata,After 5G,4,0.69
p7,25 GB Combo 3G / 4G Data Pack,9-Sep,Bangalore,After 5G,4,0.44
p7,25 GB Combo 3G / 4G Data Pack,9-Sep,Chennai,After 5G,4,0.34
p7,25 GB Combo 3G / 4G Data Pack,9-Sep,Hyderabad,After 5G,4,0.28
p7,25 GB Combo 3G / 4G Data Pack,9-Sep,Pune,After 5G,4,0.54
p7,25 GB Combo 3G / 4G Data Pack,9-Sep,Ahmedabad,After 5G,4,0.35
p7,25 GB Combo 3G / 4G Data Pack,9-Sep,Jaipur,After 5G,4,0.19
p7,25 GB Combo 3G / 4G Data Pack,9-Sep,Lucknow,After 5G,4,0.17
p7,25 GB Combo 3G / 4G Data Pack,9-Sep,Patna,After 5G,4,0.1
p7,25 GB Combo 3G / 4G Data Pack,9-Sep,Coimbatore,After 5G,4,0.07
p7,25 GB Combo 3G / 4G Data Pack,9-Sep,Chandigarh,After 5G,4,0.15
p7,25 GB Combo 3G / 4G Data Pack,9-Sep,Gurgaon,After 5G,4,0.07
p7,25 GB Combo 3G / 4G Data Pack,9-Sep,Raipur,After 5G,4,0.05
p8,Daily Saviour (1 GB / Day) validity: 1 Day,1-Jan,Mumbai,Before 5G,1,1.39
p9,Combo TopUp: 14.95 Talktime and 300 MB data,1-Jan,Mumbai,Before 5G,1,0.7
p10,Big Combo Pack (6 GB / Day) validity: 3 Days,1-Jan,Mumbai,Before 5G,1,0.52
p8,Daily Saviour (1 GB / Day) validity: 1 Day,1-Jan,Delhi,Before 5G,1,1.15
p9,Combo TopUp: 14.95 Talktime and 300 MB data,1-Jan,Delhi,Before 5G,1,0.72
p10,Big Combo Pack (6 GB / Day) validity: 3 Days,1-Jan,Delhi,Before 5G,1,0.29
p8,Daily Saviour (1 GB / Day) validity: 1 Day,1-Jan,Kolkata,Before 5G,1,0.97
p9,Combo TopUp: 14.95 Talktime and 300 MB data,1-Jan,Kolkata,Before 5G,1,0.69
p10,Big Combo Pack (6 GB / Day) validity: 3 Days,1-Jan,Kolkata,Before 5G,1,0.14
p8,Daily Saviour (1 GB / Day) validity: 1 Day,1-Jan,Bangalore,Before 5G,1,1.0
p9,Combo TopUp: 14.95 Talktime and 300 MB data,1-Jan,Bangalore,Before 5G,1,0.63
p10,Big Combo Pack (6 GB / Day) validity: 3 Days,1-Jan,Bangalore,Before 5G,1,0.25
p8,Daily Saviour (1 GB / Day) validity: 1 Day,1-Jan,Chennai,Before 5G,1,0.78
p9,Combo TopUp: 14.95 Talktime and 300 MB data,1-Jan,Chennai,Before 5G,1,0.39
p10,Big Combo Pack (6 GB / Day) validity: 3 Days,1-Jan,Chennai,Before 5G,1,0.1
p8,Daily Saviour (1 GB / Day) validity: 1 Day,1-Jan,Hyderabad,Before 5G,1,0.83
p9,Combo TopUp: 14.95 Talktime and 300 MB data,1-Jan,Hyderabad,Before 5G,1,0.42
p10,Big Combo Pack (6 GB / Day) validity: 3 Days,1-Jan,Hyderabad,Before 5G,1,0.17
p8,Daily Saviour (1 GB / Day) validity: 1 Day,1-Jan,Pune,Before 5G,1,0.51
p9,Combo TopUp: 14.95 Talktime and 300 MB data,1-Jan,Pune,Before 5G,1,0.29
p10,Big Combo Pack (6 GB / Day) validity: 3 Days,1-Jan,Pune,Before 5G,1,0.07
p8,Daily Saviour (1 GB / Day) validity: 1 Day,1-Jan,Ahmedabad,Before 5G,1,0.62
p9,Combo TopUp: 14.95 Talktime and 300 MB data,1-Jan,Ahmedabad,Before 5G,1,0.34
p10,Big Combo Pack (6 GB / Day) validity: 3 Days,1-Jan,Ahmedabad,Before 5G,1,0.21
p8,Daily Saviour (1 GB / Day) validity: 1 Day,1-Jan,Jaipur,Before 5G,1,0.68
p9,Combo TopUp: 14.95 Talktime and 300 MB data,1-Jan,Jaipur,Before 5G,1,0.34
p10,Big Combo Pack (6 GB / Day) validity: 3 Days,1-Jan,Jaipur,Before 5G,1,0.14
p8,Daily Saviour (1 GB / Day) validity: 1 Day,1-Jan,Lucknow,Before 5G,1,0.38
p9,Combo TopUp: 14.95 Talktime and 300 MB data,1-Jan,Lucknow,Before 5G,1,0.25
p10,Big Combo Pack (6 GB / Day) validity: 3 Days,1-Jan,Lucknow,Before 5G,1,0.13
p8,Daily Saviour (1 GB / Day) validity: 1 Day,1-Jan,Patna,Before 5G,1,0.53
p9,Combo TopUp: 14.95 Talktime and 300 MB data,1-Jan,Patna,Before 5G,1,0.21
p10,Big Combo Pack (6 GB / Day) validity: 3 Days,1-Jan,Patna,Before 5G,1,0.11
p8,Daily Saviour (1 GB / Day) validity: 1 Day,1-Jan,Coimbatore,Before 5G,1,0.15
p9,Combo TopUp: 14.95 Talktime and 300 MB data,1-Jan,Coimbatore,Before 5G,1,0.09
p10,Big Combo Pack (6 GB / Day) validity: 3 Days,1-Jan,Coimbatore,Before 5G,1,0.04
p8,Daily Saviour (1 GB / Day) validity: 1 Day,1-Jan,Chandigarh,Before 5G,1,0.14
p9,Combo TopUp: 14.95 Talktime and 300 MB data,1-Jan,Chandigarh,Before 5G,1,0.06
p10,Big Combo Pack (6 GB / Day) validity: 3 Days,1-Jan,Chandigarh,Before 5G,1,0.06
p8,Daily Saviour (1 GB / Day) validity: 1 Day,1-Jan,Gurgaon,Before 5G,1,0.14
p9,Combo TopUp: 14.95 Talktime and 300 MB data,1-Jan,Gurgaon,Before 5G,1,0.06
p10,Big Combo Pack (6 GB / Day) validity: 3 Days,1-Jan,Gurgaon,Before 5G,1,0.06
p8,Daily Saviour (1 GB / Day) validity: 1 Day,1-Jan,Raipur,Before 5G,1,0.09
p9,Combo TopUp: 14.95 Talktime and 300 MB data,1-Jan,Raipur,Before 5G,1,0.05
p10,Big Combo Pack (6 GB / Day) validity: 3 Days,1-Jan,Raipur,Before 5G,1,0.04
p8,Daily Saviour (1 GB / Day) validity: 1 Day,2-Feb,Mumbai,Before 5G,2,1.61
p9,Combo TopUp: 14.95 Talktime and 300 MB data,2-Feb,Mumbai,Before 5G,2,1.01
p10,Big Combo Pack (6 GB / Day) validity: 3 Days,2-Feb,Mumbai,Before 5G,2,0.4
p8,Daily Saviour (1 GB / Day) validity: 1 Day,2-Feb,Delhi,Before 5G,2,1.32
p9,Combo TopUp: 14.95 Talktime and 300 MB data,2-Feb,Delhi,Before 5G,2,0.49
p10,Big Combo Pack (6 GB / Day) validity: 3 Days,2-Feb,Delhi,Before 5G,2,0.33
p8,Daily Saviour (1 GB / Day) validity: 1 Day,2-Feb,Kolkata,Before 5G,2,1.23
p9,Combo TopUp: 14.95 Talktime and 300 MB data,2-Feb,Kolkata,Before 5G,2,0.61
p10,Big Combo Pack (6 GB / Day) validity: 3 Days,2-Feb,Kolkata,Before 5G,2,0.46
p8,Daily Saviour (1 GB / Day) validity: 1 Day,2-Feb,Bangalore,Before 5G,2,1.76
p9,Combo TopUp: 14.95 Talktime and 300 MB data,2-Feb,Bangalore,Before 5G,2,0.71
p10,Big Combo Pack (6 GB / Day) validity: 3 Days,2-Feb,Bangalore,Before 5G,2,0.53
p8,Daily Saviour (1 GB / Day) validity: 1 Day,2-Feb,Chennai,Before 5G,2,1.7
p9,Combo TopUp: 14.95 Talktime and 300 MB data,2-Feb,Chennai,Before 5G,2,0.85
p10,Big Combo Pack (6 GB / Day) validity: 3 Days,2-Feb,Chennai,Before 5G,2,0.64
p8,Daily Saviour (1 GB / Day) validity: 1 Day,2-Feb,Hyderabad,Before 5G,2,0.81
p9,Combo TopUp: 14.95 Talktime and 300 MB data,2-Feb,Hyderabad,Before 5G,2,0.35
p10,Big Combo Pack (6 GB / Day) validity: 3 Days,2-Feb,Hyderabad,Before 5G,2,0.35
p8,Daily Saviour (1 GB / Day) validity: 1 Day,2-Feb,Pune,Before 5G,2,0.89
p9,Combo TopUp: 14.95 Talktime and 300 MB data,2-Feb,Pune,Before 5G,2,0.39
p10,Big Combo Pack (6 GB / Day) validity: 3 Days,2-Feb,Pune,Before 5G,2,0.39
p8,Daily Saviour (1 GB / Day) validity: 1 Day,2-Feb,Ahmedabad,Before 5G,2,0.6
p9,Combo TopUp: 14.95 Talktime and 300 MB data,2-Feb,Ahmedabad,Before 5G,2,0.3
p10,Big Combo Pack (6 GB / Day) validity: 3 Days,2-Feb,Ahmedabad,Before 5G,2,0.06
p8,Daily Saviour (1 GB / Day) validity: 1 Day,2-Feb,Jaipur,Before 5G,2,0.3
p9,Combo TopUp: 14.95 Talktime and 300 MB data,2-Feb,Jaipur,Before 5G,2,0.22
p10,Big Combo Pack (6 GB / Day) validity: 3 Days,2-Feb,Jaipur,Before 5G,2,0.04
p8,Daily Saviour (1 GB / Day) validity: 1 Day,2-Feb,Lucknow,Before 5G,2,0.65
p9,Combo TopUp: 14.95 Talktime and 300 MB data,2-Feb,Lucknow,Before 5G,2,0.37
p10,Big Combo Pack (6 GB / Day) validity: 3 Days,2-Feb,Lucknow,Before 5G,2,0.09
p8,Daily Saviour (1 GB / Day) validity: 1 Day,2-Feb,Patna,Before 5G,2,0.34
p9,Combo TopUp: 14.95 Talktime and 300 MB data,2-Feb,Patna,Before 5G,2,0.15
p10,Big Combo Pack (6 GB / Day) validity: 3 Days,2-Feb,Patna,Before 5G,2,0.04
p8,Daily Saviour (1 GB / Day) validity: 1 Day,2-Feb,Coimbatore,Before 5G,2,0.33
p9,Combo TopUp: 14.95 Talktime and 300 MB data,2-Feb,Coimbatore,Before 5G,2,0.18
p10,Big Combo Pack (6 GB / Day) validity: 3 Days,2-Feb,Coimbatore,Before 5G,2,0.15
p8,Daily Saviour (1 GB / Day) validity: 1 Day,2-Feb,Chandigarh,Before 5G,2,0.18
p9,Combo TopUp: 14.95 Talktime and 300 MB data,2-Feb,Chandigarh,Before 5G,2,0.09
p10,Big Combo Pack (6 GB / Day) validity: 3 Days,2-Feb,Chandigarh,Before 5G,2,0.04
p8,Daily Saviour (1 GB / Day) validity: 1 Day,2-Feb,Gurgaon,Before 5G,2,0.18
p9,Combo TopUp: 14.95 Talktime and 300 MB data,2-Feb,Gurgaon,Before 5G,2,0.16
p10,Big Combo Pack (6 GB / Day) validity: 3 Days,2-Feb,Gurgaon,Before 5G,2,0.08
p8,Daily Saviour (1 GB / Day) validity: 1 Day,2-Feb,Raipur,Before 5G,2,0.11
p9,Combo TopUp: 14.95 Talktime and 300 MB data,2-Feb,Raipur,Before 5G,2,0.06
p10,Big Combo Pack (6 GB / Day) validity: 3 Days,2-Feb,Raipur,Before 5G,2,0.06
p8,Daily Saviour (1 GB / Day) validity: 1 Day,3-Mar,Mumbai,Before 5G,3,1.28
p9,Combo TopUp: 14.95 Talktime and 300 MB data,3-Mar,Mumbai,Before 5G,3,0.55
p10,Big Combo Pack (6 GB / Day) validity: 3 Days,3-Mar,Mumbai,Before 5G,3,0.37
p8,Daily Saviour (1 GB / Day) validity: 1 Day,3-Mar,Delhi,Before 5G,3,1.46
p9,Combo TopUp: 14.95 Talktime and 300 MB data,3-Mar,Delhi,Before 5G,3,0.81
p10,Big Combo Pack (6 GB / Day) validity: 3 Days,3-Mar,Delhi,Before 5G,3,0.32
p8,Daily Saviour (1 GB / Day) validity: 1 Day,3-Mar,Kolkata,Before 5G,3,1.77
p9,Combo TopUp: 14.95 Talktime and 300 MB data,3-Mar,Kolkata,Before 5G,3,0.89
p10,Big Combo Pack (6 GB / Day) validity: 3 Days,3-Mar,Kolkata,Before 5G,3,0.67
p8,Daily Saviour (1 GB / Day) validity: 1 Day,3-Mar,Bangalore,Before 5G,3,1.24
p9,Combo TopUp: 14.95 Talktime and 300 MB data,3-Mar,Bangalore,Before 5G,3,0.62
p10,Big Combo Pack (6 GB / Day) validity: 3 Days,3-Mar,Bangalore,Before 5G,3,0.31
p8,Daily Saviour (1 GB / Day) validity: 1 Day,3-Mar,Chennai,Before 5G,3,0.74
p9,Combo TopUp: 14.95 Talktime and 300 MB data,3-Mar,Chennai,Before 5G,3,0.37
p10,Big Combo Pack (6 GB / Day) validity: 3 Days,3-Mar,Chennai,Before 5G,3,0.37
p8,Daily Saviour (1 GB / Day) validity: 1 Day,3-Mar,Hyderabad,Before 5G,3,0.87
p9,Combo TopUp: 14.95 Talktime and 300 MB data,3-Mar,Hyderabad,Before 5G,3,0.48
p10,Big Combo Pack (6 GB / Day) validity: 3 Days,3-Mar,Hyderabad,Before 5G,3,0.29
p8,Daily Saviour (1 GB / Day) validity: 1 Day,3-Mar,Pune,Before 5G,3,0.88
p9,Combo TopUp: 14.95 Talktime and 300 MB data,3-Mar,Pune,Before 5G,3,0.44
p10,Big Combo Pack (6 GB / Day) validity: 3 Days,3-Mar,Pune,Before 5G,3,0.11
p8,Daily Saviour (1 GB / Day) validity: 1 Day,3-Mar,Ahmedabad,Before 5G,3,0.77
p9,Combo TopUp: 14.95 Talktime and 300 MB data,3-Mar,Ahmedabad,Before 5G,3,0.39
p10,Big Combo Pack (6 GB / Day) validity: 3 Days,3-Mar,Ahmedabad,Before 5G,3,0.39
p8,Daily Saviour (1 GB / Day) validity: 1 Day,3-Mar,Jaipur,Before 5G,3,0.37
p9,Combo TopUp: 14.95 Talktime and 300 MB data,3-Mar,Jaipur,Before 5G,3,0.26
p10,Big Combo Pack (6 GB / Day) validity: 3 Days,3-Mar,Jaipur,Before 5G,3,0.05
p8,Daily Saviour (1 GB / Day) validity: 1 Day,3-Mar,Lucknow,Before 5G,3,0.43
p9,Combo TopUp: 14.95 Talktime and 300 MB data,3-Mar,Lucknow,Before 5G,3,0.24
p10,Big Combo Pack (6 GB / Day) validity: 3 Days,3-Mar,Lucknow,Before 5G,3,0.09
p8,Daily Saviour (1 GB / Day) validity: 1 Day,3-Mar,Patna,Before 5G,3,0.28
p9,Combo TopUp: 14.95 Talktime and 300 MB data,3-Mar,Patna,Before 5G,3,0.19
p10,Big Combo Pack (6 GB / Day) validity: 3 Days,3-Mar,Patna,Before 5G,3,0.09
p8,Daily Saviour (1 GB / Day) validity: 1 Day,3-Mar,Coimbatore,Before 5G,3,0.48
p9,Combo TopUp: 14.95 Talktime and 300 MB data,3-Mar,Coimbatore,Before 5G,3,0.24
p10,Big Combo Pack (6 GB / Day) validity: 3 Days,3-Mar,Coimbatore,Before 5G,3,0.12
p8,Daily Saviour (1 GB / Day) validity: 1 Day,3-Mar,Chandigarh,Before 5G,3,0.26
p9,Combo TopUp: 14.95 Talktime and 300 MB data,3-Mar,Chandigarh,Before 5G,3,0.09
p10,Big Combo Pack (6 GB / Day) validity: 3 Days,3-Mar,Chandigarh,Before 5G,3,0.09
p8,Daily Saviour (1 GB / Day) validity: 1 Day,3-Mar,Gurgaon,Before 5G,3,0.12
p9,Combo TopUp: 14.95 Talktime and 300 MB data,3-Mar,Gurgaon,Before 5G,3,0.07
p10,Big Combo Pack (6 GB / Day) validity: 3 Days,3-Mar,Gurgaon,Before 5G,3,0.05
p8,Daily Saviour (1 GB / Day) validity: 1 Day,3-Mar,Raipur,Before 5G,3,0.11
p9,Combo TopUp: 14.95 Talktime and 300 MB data,3-Mar,Raipur,Before 5G,3,0.06
p10,Big Combo Pack (6 GB / Day) validity: 3 Days,3-Mar,Raipur,Before 5G,3,0.04
p8,Daily Saviour (1 GB / Day) validity: 1 Day,4-Apr,Mumbai,Before 5G,4,1.53
p9,Combo TopUp: 14.95 Talktime and 300 MB data,4-Apr,Mumbai,Before 5G,4,0.85
p10,Big Combo Pack (6 GB / Day) validity: 3 Days,4-Apr,Mumbai,Before 5G,4,0.51
p8,Daily Saviour (1 GB / Day) validity: 1 Day,4-Apr,Delhi,Before 5G,4,1.23
p9,Combo TopUp: 14.95 Talktime and 300 MB data,4-Apr,Delhi,Before 5G,4,0.55
p10,Big Combo Pack (6 GB / Day) validity: 3 Days,4-Apr,Delhi,Before 5G,4,0.41
p8,Daily Saviour (1 GB / Day) validity: 1 Day,4-Apr,Kolkata,Before 5G,4,1.31
p9,Combo TopUp: 14.95 Talktime and 300 MB data,4-Apr,Kolkata,Before 5G,4,0.58
p10,Big Combo Pack (6 GB / Day) validity: 3 Days,4-Apr,Kolkata,Before 5G,4,0.44
p8,Daily Saviour (1 GB / Day) validity: 1 Day,4-Apr,Bangalore,Before 5G,4,1.51
p9,Combo TopUp: 14.95 Talktime and 300 MB data,4-Apr,Bangalore,Before 5G,4,0.45
p10,Big Combo Pack (6 GB / Day) validity: 3 Days,4-Apr,Bangalore,Before 5G,4,0.6
p8,Daily Saviour (1 GB / Day) validity: 1 Day,4-Apr,Chennai,Before 5G,4,0.86
p9,Combo TopUp: 14.95 Talktime and 300 MB data,4-Apr,Chennai,Before 5G,4,0.49
p10,Big Combo Pack (6 GB / Day) validity: 3 Days,4-Apr,Chennai,Before 5G,4,0.49
p8,Daily Saviour (1 GB / Day) validity: 1 Day,4-Apr,Hyderabad,Before 5G,4,0.71
p9,Combo TopUp: 14.95 Talktime and 300 MB data,4-Apr,Hyderabad,Before 5G,4,0.4
p10,Big Combo Pack (6 GB / Day) validity: 3 Days,4-Apr,Hyderabad,Before 5G,4,0.24
p8,Daily Saviour (1 GB / Day) validity: 1 Day,4-Apr,Pune,Before 5G,4,1.3
p9,Combo TopUp: 14.95 Talktime and 300 MB data,4-Apr,Pune,Before 5G,4,0.81
p10,Big Combo Pack (6 GB / Day) validity: 3 Days,4-Apr,Pune,Before 5G,4,0.16
p8,Daily Saviour (1 GB / Day) validity: 1 Day,4-Apr,Ahmedabad,Before 5G,4,0.62
p9,Combo TopUp: 14.95 Talktime and 300 MB data,4-Apr,Ahmedabad,Before 5G,4,0.53
p10,Big Combo Pack (6 GB / Day) validity: 3 Days,4-Apr,Ahmedabad,Before 5G,4,0.18
p8,Daily Saviour (1 GB / Day) validity: 1 Day,4-Apr,Jaipur,Before 5G,4,0.42
p9,Combo TopUp: 14.95 Talktime and 300 MB data,4-Apr,Jaipur,Before 5G,4,0.19
p10,Big Combo Pack (6 GB / Day) validity: 3 Days,4-Apr,Jaipur,Before 5G,4,0.14
p8,Daily Saviour (1 GB / Day) validity: 1 Day,4-Apr,Lucknow,Before 5G,4,0.36
p9,Combo TopUp: 14.95 Talktime and 300 MB data,4-Apr,Lucknow,Before 5G,4,0.27
p10,Big Combo Pack (6 GB / Day) validity: 3 Days,4-Apr,Lucknow,Before 5G,4,0.09
p8,Daily Saviour (1 GB / Day) validity: 1 Day,4-Apr,Patna,Before 5G,4,0.39
p9,Combo TopUp: 14.95 Talktime and 300 MB data,4-Apr,Patna,Before 5G,4,0.19
p10,Big Combo Pack (6 GB / Day) validity: 3 Days,4-Apr,Patna,Before 5G,4,0.16
p8,Daily Saviour (1 GB / Day) validity: 1 Day,4-Apr,Coimbatore,Before 5G,4,0.22
p9,Combo TopUp: 14.95 Talktime and 300 MB data,4-Apr,Coimbatore,Before 5G,4,0.13
p10,Big Combo Pack (6 GB / Day) validity: 3 Days,4-Apr,Coimbatore,Before 5G,4,0.13
p8,Daily Saviour (1 GB / Day) validity: 1 Day,4-Apr,Chandigarh,Before 5G,4,0.29
p9,Combo TopUp: 14.95 Talktime and 300 MB data,4-Apr,Chandigarh,Before 5G,4,0.18
p10,Big Combo Pack (6 GB / Day) validity: 3 Days,4-Apr,Chandigarh,Before 5G,4,0.11
p8,Daily Saviour (1 GB / Day) validity: 1 Day,4-Apr,Gurgaon,Before 5G,4,0.14
p9,Combo TopUp: 14.95 Talktime and 300 MB data,4-Apr,Gurgaon,Before 5G,4,0.1
p10,Big Combo Pack (6 GB / Day) validity: 3 Days,4-Apr,Gurgaon,Before 5G,4,0.05
p8,Daily Saviour (1 GB / Day) validity: 1 Day,4-Apr,Raipur,Before 5G,4,0.11
p9,Combo TopUp: 14.95 Talktime and 300 MB data,4-Apr,Raipur,Before 5G,4,0.08
p10,Big Combo Pack (6 GB / Day) validity: 3 Days,4-Apr,Raipur,Before 5G,4,0.05
p11,Ultra Fast Mega Pack (3GB / Day Combo For 80 days),6-Jun,Mumbai,After 5G,1,7.24
p12,Ultra Duo Data Pack (1.8GB / Day Combo For 55 days ),6-Jun,Mumbai,After 5G,1,4.4
p13,Mini Ultra Saver Pack (750 MB/Day for 28 Days),6-Jun,Mumbai,After 5G,1,1.29
p11,Ultra Fast Mega Pack (3GB / Day Combo For 80 days),6-Jun,Delhi,After 5G,1,4.42
p12,Ultra Duo Data Pack (1.8GB / Day Combo For 55 days ),6-Jun,Delhi,After 5G,1,2.94
p13,Mini Ultra Saver Pack (750 MB/Day for 28 Days),6-Jun,Delhi,After 5G,1,1.18
p11,Ultra Fast Mega Pack (3GB / Day Combo For 80 days),6-Jun,Kolkata,After 5G,1,4.03
p12,Ultra Duo Data Pack (1.8GB / Day Combo For 55 days ),6-Jun,Kolkata,After 5G,1,2.55
p13,Mini Ultra Saver Pack (750 MB/Day for 28 Days),6-Jun,Kolkata,After 5G,1,0.67
p11,Ultra Fast Mega Pack (3GB / Day Combo For 80 days),6-Jun,Bangalore,After 5G,1,4.34
p12,Ultra Duo Data Pack (1.8GB / Day Combo For 55 days ),6-Jun,Bangalore,After 5G,1,2.73
p13,Mini Ultra Saver Pack (750 MB/Day for 28 Days),6-Jun,Bangalore,After 5G,1,0.48
p11,Ultra Fast Mega Pack (3GB / Day Combo For 80 days),6-Jun,Chennai,After 5G,1,4.36
p12,Ultra Duo Data Pack (1.8GB / Day Combo For 55 days ),6-Jun,Chennai,After 5G,1,2.25
p13,Mini Ultra Saver Pack (750 MB/Day for 28 Days),6-Jun,Chennai,After 5G,1,0.93
p11,Ultra Fast Mega Pack (3GB / Day Combo For 80 days),6-Jun,Hyderabad,After 5G,1,3.19
p12,Ultra Duo Data Pack (1.8GB / Day Combo For 55 days ),6-Jun,Hyderabad,After 5G,1,2.09
p13,Mini Ultra Saver Pack (750 MB/Day for 28 Days),6-Jun,Hyderabad,After 5G,1,0.55
p11,Ultra Fast Mega Pack (3GB / Day Combo For 80 days),6-Jun,Pune,After 5G,1,2.79
p12,Ultra Duo Data Pack (1.8GB / Day Combo For 55 days ),6-Jun,Pune,After 5G,1,1.71
p13,Mini Ultra Saver Pack (750 MB/Day for 28 Days),6-Jun,Pune,After 5G,1,0.36
p11,Ultra Fast Mega Pack (3GB / Day Combo For 80 days),6-Jun,Ahmedabad,After 5G,1,2.67
p12,Ultra Duo Data Pack (1.8GB / Day Combo For 55 days ),6-Jun,Ahmedabad,After 5G,1,1.45
p13,Mini Ultra Saver Pack (750 MB/Day for 28 Days),6-Jun,Ahmedabad,After 5G,1,0.57
p11,Ultra Fast Mega Pack (3GB / Day Combo For 80 days),6-Jun,Jaipur,After 5G,1,2.53
p12,Ultra Duo Data Pack (1.8GB / Day Combo For 55 days ),6-Jun,Jaipur,After 5G,1,1.55
p13,Mini Ultra Saver Pack (750 MB/Day for 28 Days),6-Jun,Jaipur,After 5G,1,0.33
p11,Ultra Fast Mega Pack (3GB / Day Combo For 80 days),6-Jun,Lucknow,After 5G,1,1.24
p12,Ultra Duo Data Pack (1.8GB / Day Combo For 55 days ),6-Jun,Lucknow,After 5G,1,0.79
p13,Mini Ultra Saver Pack (750 MB/Day for 28 Days),6-Jun,Lucknow,After 5G,1,0.12
p11,Ultra Fast Mega Pack (3GB / Day Combo For 80 days),6-Jun,Patna,After 5G,1,1.76
p12,Ultra Duo Data Pack (1.8GB / Day Combo For 55 days ),6-Jun,Patna,After 5G,1,1.18
p13,Mini Ultra Saver Pack (750 MB/Day for 28 Days),6-Jun,Patna,After 5G,1,0.26
p11,Ultra Fast Mega Pack (3GB / Day Combo For 80 days),6-Jun,Coimbatore,After 5G,1,0.89
p12,Ultra Duo Data Pack (1.8GB / Day Combo For 55 days ),6-Jun,Coimbatore,After 5G,1,0.58
p13,Mini Ultra Saver Pack (750 MB/Day for 28 Days),6-Jun,Coimbatore,After 5G,1,0.14
p11,Ultra Fast Mega Pack (3GB / Day Combo For 80 days),6-Jun,Chandigarh,After 5G,1,0.79
p12,Ultra Duo Data Pack (1.8GB / Day Combo For 55 days ),6-Jun,Chandigarh,After 5G,1,0.5
p13,Mini Ultra Saver Pack (750 MB/Day for 28 Days),6-Jun,Chandigarh,After 5G,1,0.1
p11,Ultra Fast Mega Pack (3GB / Day Combo For 80 days),6-Jun,Gurgaon,After 5G,1,0.61
p12,Ultra Duo Data Pack (1.8GB / Day Combo For 55 days ),6-Jun,Gurgaon,After 5G,1,0.4
p13,Mini Ultra Saver Pack (750 MB/Day for 28 Days),6-Jun,Gurgaon,After 5G,1,0.12
p11,Ultra Fast Mega Pack (3GB / Day Combo For 80 days),6-Jun,Raipur,After 5G,1,0.57
p12,Ultra Duo Data Pack (1.8GB / Day Combo For 55 days ),6-Jun,Raipur,After 5G,1,0.39
p13,Mini Ultra Saver Pack (750 MB/Day for 28 Days),6-Jun,Raipur,After 5G,1,0.11
p11,Ultra Fast Mega Pack (3GB / Day Combo For 80 days),7-Jul,Mumbai,After 5G,2,6.03
p12,Ultra Duo Data Pack (1.8GB / Day Combo For 55 days ),7-Jul,Mumbai,After 5G,2,4.47
p13,Mini Ultra Saver Pack (750 MB/Day for 28 Days),7-Jul,Mumbai,After 5G,2,0.89
p11,Ultra Fast Mega Pack (3GB / Day Combo For 80 days),7-Jul,Delhi,After 5G,2,6.87
p12,Ultra Duo Data Pack (1.8GB / Day Combo For 55 days ),7-Jul,Delhi,After 5G,2,3.95
p13,Mini Ultra Saver Pack (750 MB/Day for 28 Days),7-Jul,Delhi,After 5G,2,1.46
p11,Ultra Fast Mega Pack (3GB / Day Combo For 80 days),7-Jul,Kolkata,After 5G,2,3.82
p12,Ultra Duo Data Pack (1.8GB / Day Combo For 55 days ),7-Jul,Kolkata,After 5G,2,2.73
p13,Mini Ultra Saver Pack (750 MB/Day for 28 Days),7-Jul,Kolkata,After 5G,2,0.68
p11,Ultra Fast Mega Pack (3GB / Day Combo For 80 days),7-Jul,Bangalore,After 5G,2,5.37
p12,Ultra Duo Data Pack (1.8GB / Day Combo For 55 days ),7-Jul,Bangalore,After 5G,2,2.77
p13,Mini Ultra Saver Pack (750 MB/Day for 28 Days),7-Jul,Bangalore,After 5G,2,1.14
p11,Ultra Fast Mega Pack (3GB / Day Combo For 80 days),7-Jul,Chennai,After 5G,2,6.86
p12,Ultra Duo Data Pack (1.8GB / Day Combo For 55 days ),7-Jul,Chennai,After 5G,2,3.76
p13,Mini Ultra Saver Pack (750 MB/Day for 28 Days),7-Jul,Chennai,After 5G,2,0.66
p11,Ultra Fast Mega Pack (3GB / Day Combo For 80 days),7-Jul,Hyderabad,After 5G,2,4.34
p12,Ultra Duo Data Pack (1.8GB / Day Combo For 55 days ),7-Jul,Hyderabad,After 5G,2,2.71
p13,Mini Ultra Saver Pack (750 MB/Day for 28 Days),7-Jul,Hyderabad,After 5G,2,0.41
p11,Ultra Fast Mega Pack (3GB / Day Combo For 80 days),7-Jul,Pune,After 5G,2,3.36
p12,Ultra Duo Data Pack (1.8GB / Day Combo For 55 days ),7-Jul,Pune,After 5G,2,2.04
p13,Mini Ultra Saver Pack (750 MB/Day for 28 Days),7-Jul,Pune,After 5G,2,0.51
p11,Ultra Fast Mega Pack (3GB / Day Combo For 80 days),7-Jul,Ahmedabad,After 5G,2,2.62
p12,Ultra Duo Data Pack (1.8GB / Day Combo For 55 days ),7-Jul,Ahmedabad,After 5G,2,1.43
p13,Mini Ultra Saver Pack (750 MB/Day for 28 Days),7-Jul,Ahmedabad,After 5G,2,0.4
p11,Ultra Fast Mega Pack (3GB / Day Combo For 80 days),7-Jul,Jaipur,After 5G,2,1.66
p12,Ultra Duo Data Pack (1.8GB / Day Combo For 55 days ),7-Jul,Jaipur,After 5G,2,1.05
p13,Mini Ultra Saver Pack (750 MB/Day for 28 Days),7-Jul,Jaipur,After 5G,2,0.39
p11,Ultra Fast Mega Pack (3GB / Day Combo For 80 days),7-Jul,Lucknow,After 5G,2,2.82
p12,Ultra Duo Data Pack (1.8GB / Day Combo For 55 days ),7-Jul,Lucknow,After 5G,2,1.82
p13,Mini Ultra Saver Pack (750 MB/Day for 28 Days),7-Jul,Lucknow,After 5G,2,0.55
p11,Ultra Fast Mega Pack (3GB / Day Combo For 80 days),7-Jul,Patna,After 5G,2,1.12
p12,Ultra Duo Data Pack (1.8GB / Day Combo For 55 days ),7-Jul,Patna,After 5G,2,0.8
p13,Mini Ultra Saver Pack (750 MB/Day for 28 Days),7-Jul,Patna,After 5G,2,0.32
p11,Ultra Fast Mega Pack (3GB / Day Combo For 80 days),7-Jul,Coimbatore,After 5G,2,1.4
p12,Ultra Duo Data Pack (1.8GB / Day Combo For 55 days ),7-Jul,Coimbatore,After 5G,2,0.93
p13,Mini Ultra Saver Pack (750 MB/Day for 28 Days),7-Jul,Coimbatore,After 5G,2,0.28
p11,Ultra Fast Mega Pack (3GB / Day Combo For 80 days),7-Jul,Chandigarh,After 5G,2,0.7
p12,Ultra Duo Data Pack (1.8GB / Day Combo For 55 days ),7-Jul,Chandigarh,After 5G,2,0.49
p13,Mini Ultra Saver Pack (750 MB/Day for 28 Days),7-Jul,Chandigarh,After 5G,2,0.17
p11,Ultra Fast Mega Pack (3GB / Day Combo For 80 days),7-Jul,Gurgaon,After 5G,2,1.1
p12,Ultra Duo Data Pack (1.8GB / Day Combo For 55 days ),7-Jul,Gurgaon,After 5G,2,0.7
p13,Mini Ultra Saver Pack (750 MB/Day for 28 Days),7-Jul,Gurgaon,After 5G,2,0.29
p11,Ultra Fast Mega Pack (3GB / Day Combo For 80 days),7-Jul,Raipur,After 5G,2,0.5
p12,Ultra Duo Data Pack (1.8GB / Day Combo For 55 days ),7-Jul,Raipur,After 5G,2,0.33
p13,Mini Ultra Saver Pack (750 MB/Day for 28 Days),7-Jul,Raipur,After 5G,2,0.07
p11,Ultra Fast Mega Pack (3GB / Day Combo For 80 days),8-Aug,Mumbai,After 5G,3,5.46
p12,Ultra Duo Data Pack (1.8GB / Day Combo For 55 days ),8-Aug,Mumbai,After 5G,3,3.84
p13,Mini Ultra Saver Pack (750 MB/Day for 28 Days),8-Aug,Mumbai,After 5G,3,1.01
p11,Ultra Fast Mega Pack (3GB / Day Combo For 80 days),8-Aug,Delhi,After 5G,3,5.24
p12,Ultra Duo Data Pack (1.8GB / Day Combo For 55 days ),8-Aug,Delhi,After 5G,3,3.55
p13,Mini Ultra Saver Pack (750 MB/Day for 28 Days),8-Aug,Delhi,After 5G,3,0.75
p11,Ultra Fast Mega Pack (3GB / Day Combo For 80 days),8-Aug,Kolkata,After 5G,3,9.01
p12,Ultra Duo Data Pack (1.8GB / Day Combo For 55 days ),8-Aug,Kolkata,After 5G,3,5.73
p13,Mini Ultra Saver Pack (750 MB/Day for 28 Days),8-Aug,Kolkata,After 5G,3,1.36
p11,Ultra Fast Mega Pack (3GB / Day Combo For 80 days),8-Aug,Bangalore,After 5G,3,5.33
p12,Ultra Duo Data Pack (1.8GB / Day Combo For 55 days ),8-Aug,Bangalore,After 5G,3,3.16
p13,Mini Ultra Saver Pack (750 MB/Day for 28 Days),8-Aug,Bangalore,After 5G,3,1.0
p11,Ultra Fast Mega Pack (3GB / Day Combo For 80 days),8-Aug,Chennai,After 5G,3,3.98
p12,Ultra Duo Data Pack (1.8GB / Day Combo For 55 days ),8-Aug,Chennai,After 5G,3,2.17
p13,Mini Ultra Saver Pack (750 MB/Day for 28 Days),8-Aug,Chennai,After 5G,3,0.6
p11,Ultra Fast Mega Pack (3GB / Day Combo For 80 days),8-Aug,Hyderabad,After 5G,3,3.2
p12,Ultra Duo Data Pack (1.8GB / Day Combo For 55 days ),8-Aug,Hyderabad,After 5G,3,1.99
p13,Mini Ultra Saver Pack (750 MB/Day for 28 Days),8-Aug,Hyderabad,After 5G,3,0.44
p11,Ultra Fast Mega Pack (3GB / Day Combo For 80 days),8-Aug,Pune,After 5G,3,3.39
p12,Ultra Duo Data Pack (1.8GB / Day Combo For 55 days ),8-Aug,Pune,After 5G,3,2.15
p13,Mini Ultra Saver Pack (750 MB/Day for 28 Days),8-Aug,Pune,After 5G,3,0.68
p11,Ultra Fast Mega Pack (3GB / Day Combo For 80 days),8-Aug,Ahmedabad,After 5G,3,3.21
p12,Ultra Duo Data Pack (1.8GB / Day Combo For 55 days ),8-Aug,Ahmedabad,After 5G,3,2.32
p13,Mini Ultra Saver Pack (750 MB/Day for 28 Days),8-Aug,Ahmedabad,After 5G,3,0.77
p11,Ultra Fast Mega Pack (3GB / Day Combo For 80 days),8-Aug,Jaipur,After 5G,3,1.86
p12,Ultra Duo Data Pack (1.8GB / Day Combo For 55 days ),8-Aug,Jaipur,After 5G,3,1.13
p13,Mini Ultra Saver Pack (750 MB/Day for 28 Days),8-Aug,Jaipur,After 5G,3,0.33
p11,Ultra Fast Mega Pack (3GB / Day Combo For 80 days),8-Aug,Lucknow,After 5G,3,1.64
p12,Ultra Duo Data Pack (1.8GB / Day Combo For 55 days ),8-Aug,Lucknow,After 5G,3,1.21
p13,Mini Ultra Saver Pack (750 MB/Day for 28 Days),8-Aug,Lucknow,After 5G,3,0.24
p11,Ultra Fast Mega Pack (3GB / Day Combo For 80 days),8-Aug,Patna,After 5G,3,1.2
p12,Ultra Duo Data Pack (1.8GB / Day Combo For 55 days ),8-Aug,Patna,After 5G,3,0.81
p13,Mini Ultra Saver Pack (750 MB/Day for 28 Days),8-Aug,Patna,After 5G,3,0.26
p11,Ultra Fast Mega Pack (3GB / Day Combo For 80 days),8-Aug,Coimbatore,After 5G,3,2.17
p12,Ultra Duo Data Pack (1.8GB / Day Combo For 55 days ),8-Aug,Coimbatore,After 5G,3,1.36
p13,Mini Ultra Saver Pack (750 MB/Day for 28 Days),8-Aug,Coimbatore,After 5G,3,0.41
p11,Ultra Fast Mega Pack (3GB / Day Combo For 80 days),8-Aug,Chandigarh,After 5G,3,0.93
p12,Ultra Duo Data Pack (1.8GB / Day Combo For 55 days ),8-Aug,Chandigarh,After 5G,3,0.55
p13,Mini Ultra Saver Pack (750 MB/Day for 28 Days),8-Aug,Chandigarh,After 5G,3,0.11
p11,Ultra Fast Mega Pack (3GB / Day Combo For 80 days),8-Aug,Gurgaon,After 5G,3,0.73
p12,Ultra Duo Data Pack (1.8GB / Day Combo For 55 days ),8-Aug,Gurgaon,After 5G,3,0.41
p13,Mini Ultra Saver Pack (750 MB/Day for 28 Days),8-Aug,Gurgaon,After 5G,3,0.11
p11,Ultra Fast Mega Pack (3GB / Day Combo For 80 days),8-Aug,Raipur,After 5G,3,0.44
p12,Ultra Duo Data Pack (1.8GB / Day Combo For 55 days ),8-Aug,Raipur,After 5G,3,0.26
p13,Mini Ultra Saver Pack (750 MB/Day for 28 Days),8-Aug,Raipur,After 5G,3,0.1
p11,Ultra Fast Mega Pack (3GB / Day Combo For 80 days),9-Sep,Mumbai,After 5G,4,7.36
p12,Ultra Duo Data Pack (1.8GB / Day Combo For 55 days ),9-Sep,Mumbai,After 5G,4,4.51
p13,Mini Ultra Saver Pack (750 MB/Day for 28 Days),9-Sep,Mumbai,After 5G,4,1.19
p11,Ultra Fast Mega Pack (3GB / Day Combo For 80 days),9-Sep,Delhi,After 5G,4,6.69
p12,Ultra Duo Data Pack (1.8GB / Day Combo For 55 days ),9-Sep,Delhi,After 5G,4,3.85
p13,Mini Ultra Saver Pack (750 MB/Day for 28 Days),9-Sep,Delhi,After 5G,4,0.61
p11,Ultra Fast Mega Pack (3GB / Day Combo For 80 days),9-Sep,Kolkata,After 5G,4,5.71
p12,Ultra Duo Data Pack (1.8GB / Day Combo For 55 days ),9-Sep,Kolkata,After 5G,4,3.46
p13,Mini Ultra Saver Pack (750 MB/Day for 28 Days),9-Sep,Kolkata,After 5G,4,1.04
p11,Ultra Fast Mega Pack (3GB / Day Combo For 80 days),9-Sep,Bangalore,After 5G,4,4.29
p12,Ultra Duo Data Pack (1.8GB / Day Combo For 55 days ),9-Sep,Bangalore,After 5G,4,3.11
p13,Mini Ultra Saver Pack (750 MB/Day for 28 Days),9-Sep,Bangalore,After 5G,4,0.59
p11,Ultra Fast Mega Pack (3GB / Day Combo For 80 days),9-Sep,Chennai,After 5G,4,3.62
p12,Ultra Duo Data Pack (1.8GB / Day Combo For 55 days ),9-Sep,Chennai,After 5G,4,2.26
p13,Mini Ultra Saver Pack (750 MB/Day for 28 Days),9-Sep,Chennai,After 5G,4,0.34
p11,Ultra Fast Mega Pack (3GB / Day Combo For 80 days),9-Sep,Hyderabad,After 5G,4,2.9
p12,Ultra Duo Data Pack (1.8GB / Day Combo For 55 days ),9-Sep,Hyderabad,After 5G,4,1.97
p13,Mini Ultra Saver Pack (750 MB/Day for 28 Days),9-Sep,Hyderabad,After 5G,4,0.75
p11,Ultra Fast Mega Pack (3GB / Day Combo For 80 days),9-Sep,Pune,After 5G,4,6.16
p12,Ultra Duo Data Pack (1.8GB / Day Combo For 55 days ),9-Sep,Pune,After 5G,4,3.62
p13,Mini Ultra Saver Pack (750 MB/Day for 28 Days),9-Sep,Pune,After 5G,4,1.27
p11,Ultra Fast Mega Pack (3GB / Day Combo For 80 days),9-Sep,Ahmedabad,After 5G,4,2.78
p12,Ultra Duo Data Pack (1.8GB / Day Combo For 55 days ),9-Sep,Ahmedabad,After 5G,4,1.56
p13,Mini Ultra Saver Pack (750 MB/Day for 28 Days),9-Sep,Ahmedabad,After 5G,4,0.69
p11,Ultra Fast Mega Pack (3GB / Day Combo For 80 days),9-Sep,Jaipur,After 5G,4,2.06
p12,Ultra Duo Data Pack (1.8GB / Day Combo For 55 days ),9-Sep,Jaipur,After 5G,4,1.35
p13,Mini Ultra Saver Pack (750 MB/Day for 28 Days),9-Sep,Jaipur,After 5G,4,0.19
p11,Ultra Fast Mega Pack (3GB / Day Combo For 80 days),9-Sep,Lucknow,After 5G,4,1.66
p12,Ultra Duo Data Pack (1.8GB / Day Combo For 55 days ),9-Sep,Lucknow,After 5G,4,1.09
p13,Mini Ultra Saver Pack (750 MB/Day for 28 Days),9-Sep,Lucknow,After 5G,4,0.46
p11,Ultra Fast Mega Pack (3GB / Day Combo For 80 days),9-Sep,Patna,After 5G,4,1.41
p12,Ultra Duo Data Pack (1.8GB / Day Combo For 55 days ),9-Sep,Patna,After 5G,4,1.02
p13,Mini Ultra Saver Pack (750 MB/Day for 28 Days),9-Sep,Patna,After 5G,4,0.19
p11,Ultra Fast Mega Pack (3GB / Day Combo For 80 days),9-Sep,Coimbatore,After 5G,4,1.1
p12,Ultra Duo Data Pack (1.8GB / Day Combo For 55 days ),9-Sep,Coimbatore,After 5G,4,0.71
p13,Mini Ultra Saver Pack (750 MB/Day for 28 Days),9-Sep,Coimbatore,After 5G,4,0.21
p11,Ultra Fast Mega Pack (3GB / Day Combo For 80 days),9-Sep,Chandigarh,After 5G,4,1.16
p12,Ultra Duo Data Pack (1.8GB / Day Combo For 55 days ),9-Sep,Chandigarh,After 5G,4,0.77
p13,Mini Ultra Saver Pack (750 MB/Day for 28 Days),9-Sep,Chandigarh,After 5G,4,0.15
p11,Ultra Fast Mega Pack (3GB / Day Combo For 80 days),9-Sep,Gurgaon,After 5G,4,0.78
p12,Ultra Duo Data Pack (1.8GB / Day Combo For 55 days ),9-Sep,Gurgaon,After 5G,4,0.43
p13,Mini Ultra Saver Pack (750 MB/Day for 28 Days),9-Sep,Gurgaon,After 5G,4,0.09
p11,Ultra Fast Mega Pack (3GB / Day Combo For 80 days),9-Sep,Raipur,After 5G,4,0.48
p12,Ultra Duo Data Pack (1.8GB / Day Combo For 55 days ),9-Sep,Raipur,After 5G,4,0.29
p13,Mini Ultra Saver Pack (750 MB/Day for 28 Days),9-Sep,Raipur,After 5G,4,0.08
